baker_first_name,baker_last_name,series,episode,baker_age,baker_occupation,hometown,technical,result,signature_bake,show_stopper
Ali,Imdad,4,1,25,Charity worker,"Saltley, Birmingham",11,Stayed in,Rose and Pistachio Cake,"Chocolate, Raspberry and Passion Fruit Engagement Cake"
Ali,Imdad,4,2,25,Charity worker,"Saltley, Birmingham",9,Stayed in,Italian Grissini,Sweet and Savoury Yin Yang Bread
Ali,Imdad,4,3,25,Charity worker,"Saltley, Birmingham",5,Stayed in,"Coconut, Raspberry and Lemon Meringue Trifle",Vanilla Latte Mini CakesLime & Mint Shortbread Pops
Ali,Imdad,4,4,25,Charity worker,"Saltley, Birmingham",8,Eliminated,Apple and Ginger Pie with a Pecan and Walnut Shortcrust Pastry,"Orange, Cardamom and Date M'Hanncha"
Alice,Fevronia,10,1,28,Geography teacher,Essex,5,Stayed in,NA,NA
Alice,Fevronia,10,2,28,Geography teacher,Essex,1,Star Baker,NA,NA
Alice,Fevronia,10,3,28,Geography teacher,Essex,7,Stayed in,NA,NA
Alice,Fevronia,10,4,28,Geography teacher,Essex,8,Stayed in,NA,NA
Alice,Fevronia,10,5,28,Geography teacher,Essex,6,Stayed in,NA,NA
Alice,Fevronia,10,6,28,Geography teacher,Essex,1,Stayed in,NA,NA
Alice,Fevronia,10,7,28,Geography teacher,Essex,6,Stayed in,NA,NA
Alice,Fevronia,10,8,28,Geography teacher,Essex,3,Stayed in,NA,NA
Alice,Fevronia,10,9,28,Geography teacher,Essex,4,Star Baker,NA,NA
Alice,Fevronia,10,10,28,Geography teacher,Essex,2,Series Runner-up,NA,NA
Alvin,Magallanes,6,1,37,Nurse,"Bracknell, Berkshire",2,Stayed in,Orange Vanilla and Fig Madeira Cake,Black Forest Gâteau
Alvin,Magallanes,6,2,37,Nurse,"Bracknell, Berkshire",6,Stayed in,"Jackfruit, Pistachio and Macadamia Biscotti",Gingerbread Box filled with Brandy Snaps
Alvin,Magallanes,6,3,37,Nurse,"Bracknell, Berkshire",4,Stayed in,"Prosciutto, Manchego and Balsamic Onion Soda Breads",Cornucopia
Alvin,Magallanes,6,4,37,Nurse,"Bracknell, Berkshire",9,Stayed in,Blackberry Crème Brûlées,Tower of Fruits Cheesecakes
Alvin,Magallanes,6,5,37,Nurse,"Bracknell, Berkshire",8,Stayed in,Pineapple Upside Down Cake,"Buko Pandan, Mango and Passion Fruit Ice Cream Roll"
Alvin,Magallanes,6,6,37,Nurse,"Bracknell, Berkshire",6,Eliminated,Plum Frangipane Tart,Smoked Salmon En Croûte and Vermouth Chicken à la King Vol-au-vents
Amelia,LeBruin,10,1,24,Fashion designer,Halifax,4,Stayed in,NA,NA
Amelia,LeBruin,10,2,24,Fashion designer,Halifax,9,Stayed in,NA,NA
Amelia,LeBruin,10,3,24,Fashion designer,Halifax,11,Eliminated,NA,NA
Andrew,Smyth,7,1,25,Aerospace engineer,"Derby / Holywood, County Down",12,Stayed in,Lemon and Rosemary Drizzle Cake,'Ultimate Indulgence' Mirror Glaze Cake
Andrew,Smyth,7,2,25,Aerospace engineer,"Derby / Holywood, County Down",4,Stayed in,Beehive Biscuits,Punting in Cambridge
Andrew,Smyth,7,3,25,Aerospace engineer,"Derby / Holywood, County Down",2,Stayed in,Chocolate Barmbrack Bread,Braided Harvest Bread Basket
Andrew,Smyth,7,4,25,Aerospace engineer,"Derby / Holywood, County Down",4,Stayed in,Yorkshire 'Tapas' Puddings,Churros Window Box
Andrew,Smyth,7,5,25,Aerospace engineer,"Derby / Holywood, County Down",6,Stayed in,Mum and Dad's Breakfast Pastries,Spicy Chorizo Squash Parcels and Baklava Bites
Andrew,Smyth,7,6,25,Aerospace engineer,"Derby / Holywood, County Down",6,Stayed in,Tangy Lime and Ginger Meringue Pie,Spring Elderflower Trio
Andrew,Smyth,7,7,25,Aerospace engineer,"Derby / Holywood, County Down",1,Star Baker,Tropical Holiday Roulade,Childhood Ice Cream Mousse Cakes
Andrew,Smyth,7,8,25,Aerospace engineer,"Derby / Holywood, County Down",2,Stayed in,Da Vinci Inspired Geared Pies,Jousting Knights Marchpane
Andrew,Smyth,7,9,25,Aerospace engineer,"Derby / Holywood, County Down",2,Star Baker,Cheesy Elephant Ears and Herby Treble Clefs,Philharmonic Fondants
Andrew,Smyth,7,10,25,Aerospace engineer,"Derby / Holywood, County Down",1,Series Runner-up,Crunchy Caramel Cassis Crown,Family and Friends' Favourites Picnic
Annetha,Mills,1,1,30,Midwife,Essex,2,Stayed in,Light Jamaican Black Cakewith Strawberries and Cream,"Red, White & Blue Chocolate Cake with Cigarellos, Fresh Fruit, and Cream"
Annetha,Mills,1,2,30,Midwife,Essex,7,Eliminated,Rose Petal Shortbread,Pink Swirl Macarons / Eclairs
Antony,Amourdoux,9,1,30,Banker,London,12,Stayed in,NA,NA
Antony,Amourdoux,9,2,30,Banker,London,9,Stayed in,NA,NA
Antony,Amourdoux,9,3,30,Banker,London,8,Eliminated,NA,NA
Beca,Lyne-Pirkis,4,1,31,Military Wives' Choir Singer,"Aldershot, Hampshire",8,Stayed in,Grapefruit Sandwich Cake,Chocolate Cherry Indulgence
Beca,Lyne-Pirkis,4,2,31,Military Wives' Choir Singer,"Aldershot, Hampshire",11,Stayed in,Fennel and Chilli Breadsticks,Five Strand Christmas Wreath
Beca,Lyne-Pirkis,4,3,31,Military Wives' Choir Singer,"Aldershot, Hampshire",10,Stayed in,Orange and Ginger Trifle,Limoncello and Blueberry BurstsMillionaire Shortbread
Beca,Lyne-Pirkis,4,4,31,Military Wives' Choir Singer,"Aldershot, Hampshire",2,Stayed in,Mamgu's Cherry-Apple Tart,Moroccan Vegetable Filo Feast
Beca,Lyne-Pirkis,4,5,31,Military Wives' Choir Singer,"Aldershot, Hampshire",5,Stayed in,"Chocolate, Cherry and Hazelnut Brownies",Tiered Macaron and Sugar Dough Biscuit Centrepiece
Beca,Lyne-Pirkis,4,6,31,Military Wives' Choir Singer,"Aldershot, Hampshire",6,Stayed in,Bara Brith,Chocolate and Rum-Soaked Prune BriochesCardamom Spiced Lemon Iced Buns
Beca,Lyne-Pirkis,4,7,31,Military Wives' Choir Singer,"Aldershot, Hampshire",1,Stayed in,Spring Lamb and Vegetable Suet Puddingwith Redcurrant Gravy,Nectarine and Frangipane SquaresChocolate and Hazelnut Vol-au-ventsStrawberries and Cream Mille-feuille
Beca,Lyne-Pirkis,4,8,31,Military Wives' Choir Singer,"Aldershot, Hampshire",4,Stayed in,"Potato, Spelt and Rosemary Focaccia",Spiced Butternut Squash and Pecan 'Cheese' Cake
Beca,Lyne-Pirkis,4,9,31,Military Wives' Choir Singer,"Aldershot, Hampshire",3,Eliminated,Stilton and Walnut MacaronsBeetroot and Salmon Choux PuffsWelsh Rarebit Tartlets,Banoffee Opera Cake
Ben,Frazer,2,1,31,Graphic Designer,Northampton,2,Stayed in,Rhubarb and Custard CupcakesAfter Dinner Cupcakes,Vanilla Sponge with White Chocolate and Raspberry Buttercream
Ben,Frazer,2,2,31,Graphic Designer,Northampton,1,Stayed in,"Chorizo, Pepper and Gruyere Quiche",Lemon Meringue Tarts
Ben,Frazer,2,3,31,Graphic Designer,Northampton,3,Stayed in,"Walnut, Raisin and Rosemary Loaf",UNKNOWN
Ben,Frazer,2,4,31,Graphic Designer,Northampton,5,Eliminated,Stem Ginger Nuts,Chocolate and Almond MacaronsPine Nut MacaronsPistachio Macarons
Benjamina,Ebuehi,7,1,23,Teaching assistant,South London,6,Stayed in,"Pistachio, Cardamom and Lemon Drizzle Cake",White Chocolate Mirror Glaze with Salted Praline Buttercream
Benjamina,Ebuehi,7,2,23,Teaching assistant,South London,3,Stayed in,Bouquet Biscuits,"New York, New York"
Benjamina,Ebuehi,7,3,23,Teaching assistant,South London,6,Stayed in,"Chocolate, Tahini and Almond Babka",Braided Bread Heart
Benjamina,Ebuehi,7,4,23,Teaching assistant,South London,1,Star Baker,"Red Onion Chutney, Brie and Bacon Yorkshire Puddings",Tropical Churros
Benjamina,Ebuehi,7,5,23,Teaching assistant,South London,5,Stayed in,'Good Morning America' Swirls and Peanut Butter and Banana Pinwheels,Plantain and Spinach Samosas and Chai Pear Cups
Benjamina,Ebuehi,7,6,23,Teaching assistant,South London,2,Stayed in,Grapefruit and Ginger Meringue Pie,Floral Tea Cake
Benjamina,Ebuehi,7,7,23,Teaching assistant,South London,3,Stayed in,Piña Colada Roulade,Apple Crumble Mousse Cake and Chocolate Coffee Mousse Cake
Benjamina,Ebuehi,7,8,23,Teaching assistant,South London,4,Eliminated,Mexican Adventure,Tudor Garden
Brendan,Lynch,3,1,63,Recruitment consultant,Sutton Coldfield,10,Stayed in,"Plum, Sour Cherry & Walnut",UNKNOWN
Brendan,Lynch,3,2,63,Recruitment consultant,Sutton Coldfield,4,Stayed in,Middle Eastern Taboon BreadIndian Rotis,"Chocolate and Vanilla Bagels
Cumin and Gruyere Bagels"
Brendan,Lynch,3,3,63,Recruitment consultant,Sutton Coldfield,9,Stayed in,Apple and Ginger Tarte Tatin,"Blackberry, Nectarine and Dragon Fruit Tart"
Brendan,Lynch,3,4,63,Recruitment consultant,Sutton Coldfield,1,Star Baker,Clementine and Chestnut Torte,"Pear, Chocolate and Hazelnut Dacquoise"
Brendan,Lynch,3,5,63,Recruitment consultant,Sutton Coldfield,3,Stayed in,Salmon Coulibiac in a Scandinavian Pastry,All American Chiffon Pie
Brendan,Lynch,3,6,63,Recruitment consultant,Sutton Coldfield,1,Star Baker,"Rhubarb, Strawberry and Ginger Puddings
Sticky Toffee Puddings","Spinach, Cheese and Walnut Strudel"
Brendan,Lynch,3,7,63,Recruitment consultant,Sutton Coldfield,4,Stayed in,Chelsea Bunskis,Black Forest Christmas Stollen
Brendan,Lynch,3,8,63,Recruitment consultant,Sutton Coldfield,2,Stayed in,Multi-Seed Savoury Crackers,Fantasy Gingerbread Bird House
Brendan,Lynch,3,9,63,Recruitment consultant,Sutton Coldfield,3,Stayed in,Coffee Meringue and Hazelnut CreamsApricot and Pistachio FriandsLime Curd Choux Pastry Cygnets,Gateau St. Honoré
Brendan,Lynch,3,10,63,Recruitment consultant,Sutton Coldfield,2,Series Runner-up,Potato and Pepper Pithivier,Family Reunion Chiffon Cake
Briony,Williams,9,1,33,Full-time parent,Bristol,2,Stayed in,NA,NA
Briony,Williams,9,2,33,Full-time parent,Bristol,5,Stayed in,NA,NA
Briony,Williams,9,3,33,Full-time parent,Bristol,9,Stayed in,NA,NA
Briony,Williams,9,4,33,Full-time parent,Bristol,5,Stayed in,NA,NA
Briony,Williams,9,5,33,Full-time parent,Bristol,6,Stayed in,NA,NA
Briony,Williams,9,6,33,Full-time parent,Bristol,1,Star Baker,NA,NA
Briony,Williams,9,7,33,Full-time parent,Bristol,5,Stayed in,NA,NA
Briony,Williams,9,8,33,Full-time parent,Bristol,1,Stayed in,NA,NA
Briony,Williams,9,9,33,Full-time parent,Bristol,3,Eliminated,NA,NA
Candice,Brown,7,1,31,PE teacher,"Barton-Le-Clay, Bedfordshire",5,Stayed in,Raspberry and Rhubarb Drizzle Custard Bundt Cake,"Mirror Mirror On The Wall, Who Is The Shiniest Cake Of Them All?"
Candice,Brown,7,2,31,PE teacher,"Barton-Le-Clay, Bedfordshire",8,Star Baker,"Salted Caramel, Chocolate Iced Shiny Hearts",Gingerbread Pub with Sticky Ginger Carpet
Candice,Brown,7,3,31,PE teacher,"Barton-Le-Clay, Bedfordshire",3,Stayed in,"Chocolate, Salted Caramel & Pecan Brittle Brioche Loaf",Italian Light and Dark Rye Twist
Candice,Brown,7,4,31,PE teacher,"Barton-Le-Clay, Bedfordshire",2,Stayed in,Yorkshire Wellingtons,Two-Way Peanut Butter Churros
Candice,Brown,7,5,31,PE teacher,"Barton-Le-Clay, Bedfordshire",2,Star Baker,"Danish Pastry Croque Monsieur Kites and Cinnamon Apple, Vanilla Crème Rose Danish","Sausage, Black Pudding and Apple Rounds and Banoffee Whiskey Cups"
Candice,Brown,7,6,31,PE teacher,"Barton-Le-Clay, Bedfordshire",5,Stayed in,"Lime, Coconut and Lemongrass Sugar Meringue Pie",Four Seasons Cake
Candice,Brown,7,7,31,PE teacher,"Barton-Le-Clay, Bedfordshire",2,Stayed in,Crowd Pleaser Roulade,Blackberry and Raspberry Bubbles and After Dinner Mousse
Candice,Brown,7,8,31,PE teacher,"Barton-Le-Clay, Bedfordshire",1,Star Baker,Cheesy Cheeky Fish Pies,Peacock
Candice,Brown,7,9,31,PE teacher,"Barton-Le-Clay, Bedfordshire",3,Stayed in,"Red Onion, Cambozola and Walnut Palmiers and Mushroom, Streaky Bacon, and Parmesan Palmiers",Chocolate Praline Fondant Fancies and Cherry Bakewell Fondant Fancies
Candice,Brown,7,10,31,PE teacher,"Barton-Le-Clay, Bedfordshire",2,Series Winner,Queen Victoria's Mango and Strawberry Crown,Picnic for Pearly Kings and Queens
Cathryn,Dresser,3,1,27,Shop assistant,"Pease Pottage, West Sussex",5,Stayed in,"Apple, Hazelnut and Calvados",Hidden Cupcake Cake
Cathryn,Dresser,3,2,27,Shop assistant,"Pease Pottage, West Sussex",8,Stayed in,"Spiced Mango NaanLime, Coriander and Chilli Tortillas","Cranberry and Orange Bagels
Chipotle, Chili, and Smoked Cheddar Bagels"
Cathryn,Dresser,3,3,27,Shop assistant,"Pease Pottage, West Sussex",3,Stayed in,"Plum, Cherry and Five Spice Tarte Tatin","Raspberry, Pistachio and Lemon Tart"
Cathryn,Dresser,3,4,27,Shop assistant,"Pease Pottage, West Sussex",3,Stayed in,"White Chocolate, Macadamia and Coffee Torte","Gooseberry, Almond and Honey Meringue"
Cathryn,Dresser,3,5,27,Shop assistant,"Pease Pottage, West Sussex",1,Stayed in,Full English Wellington,Chocolate and Peanut Butter Pumpkin Pie
Cathryn,Dresser,3,6,27,Shop assistant,"Pease Pottage, West Sussex",3,Stayed in,"Chocolate Walnut Whip Puddings
Elderflower Sponges",Roasted Vegetable Couscous and Sheep Cheese Strudel
Cathryn,Dresser,3,7,27,Shop assistant,"Pease Pottage, West Sussex",5,Stayed in,Lady Arundel's Manchet Buns,Bonfire Night Tear 'n' Share Brioche
Cathryn,Dresser,3,8,27,Shop assistant,"Pease Pottage, West Sussex",5,Eliminated,Cheese and Pickle Crackers,Gingerbread Buckingham Palace
Chetna,Makan,5,1,35,Fashion Designer,"Broadstairs, Kent",3,Stayed in,"Cardamom, Pistachio and Coffee Swiss Roll",Tiered Victoria Sponges with Lemon Curd and Raspberry Cream
Chetna,Makan,5,2,35,Fashion Designer,"Broadstairs, Kent",8,Stayed in,Fenugreek and Carom Crackers,Day On The Beach
Chetna,Makan,5,3,35,Fashion Designer,"Broadstairs, Kent",8,Stayed in,Onion and Pine Nut Rolls,Rolled and Filled Twin Loaf
Chetna,Makan,5,4,35,Fashion Designer,"Broadstairs, Kent",3,Stayed in,"Rhubarb, Strawberry and Orange Puddings","Mango, Raspberry and Coconut Baked Alaska"
Chetna,Makan,5,5,35,Fashion Designer,"Broadstairs, Kent",2,Stayed in,Rice Custard Tart with Mangoes and Raspberries,Fusion Tiered Pies
Chetna,Makan,5,6,35,Fashion Designer,"Broadstairs, Kent",2,Star Baker,Orange Savarin with Cinnamon Cream,Almond Liqueur Dobos Torte with Chocolate Caramel Buttercream
Chetna,Makan,5,7,35,Fashion Designer,"Broadstairs, Kent",6,Stayed in,Crispy Lentil Kachori,Chocolate and Mango & Lemon Meringue Éclairs
Chetna,Makan,5,8,35,Fashion Designer,"Broadstairs, Kent",1,Stayed in,Date and Walnut Swirl Bread,Chocolate Mousse Filled DoughnutsBraided Doughnuts
Chetna,Makan,5,9,35,Fashion Designer,"Broadstairs, Kent",4,Eliminated,Chocolate Orange Baklava Masala Chai Baklava,"Chocolate, Orange & Nut EntremetsCappuccino Entremets"
Chris,Geiger,8,1,50,Software developer,Bristol,12,Stayed in,Tropical Fresh Fruit Cake,'Raised Pork Pie and Egg Surprise' Cake
Chris,Geiger,8,2,50,Software developer,Bristol,11,Eliminated,Chocolate Chia Seed Biscuits with Whisky Caramel Filling,'The Great British Sail Off' Game
Christine,Wallace,4,1,66,Director of an engraving company,"Didcot, Oxfordshire",3,Stayed in,"Strawberry, Vanilla and Rosewater Summer Basket",Chocolate and Orange 'Fripperous' Hat Cake
Christine,Wallace,4,2,66,Director of an engraving company,"Didcot, Oxfordshire",4,Stayed in,Mediterranean Breadsticks with Oregano,Double Plaited Loaf
Christine,Wallace,4,3,66,Director of an engraving company,"Didcot, Oxfordshire",4,Star Baker,Caribbean Pina Colada Trifle,Ninety-NinersSachertorte Parcels
Christine,Wallace,4,4,66,Director of an engraving company,"Didcot, Oxfordshire",7,Stayed in,"Granny Rogers' Apple, Plum & Cinnamon Country Pie",Roasted Vegetable Filo Pie with Feta Cheese
Christine,Wallace,4,5,66,Director of an engraving company,"Didcot, Oxfordshire",1,Star Baker,Mixed Berry and Almond Crumble Traybake,Shortbread Bavarian Clock Tower
Christine,Wallace,4,6,66,Director of an engraving company,"Didcot, Oxfordshire",4,Stayed in,Oxford Nutty Fruit Loaf,Schnecken BunsVanilla Custard Skolebrød
Christine,Wallace,4,7,66,Director of an engraving company,"Didcot, Oxfordshire",6,Stayed in,Spotted Dick 'With a Kick'and Vanilla Custard Ice Cream,Eccles CakesFresh Fruit BasketsLemon Cream Eton Mess Mille-feuille
Christine,Wallace,4,8,66,Director of an engraving company,"Didcot, Oxfordshire",5,Eliminated,"Multi-Seeded Loaf with Pumpkin, Sesame and Sunflower Seeds",Sweet Potato Guitar with Passion Fruit Icing and Marshmallow Fondant
Claire,Goodwin,5,1,31,Speech Therapist,"Ashton upon Mersey, Trafford",8,Eliminated,Chocolatey Orangey Swirly Roll,Mini Chocolate and Cherry Cakes
Dan,Beasley-Harling,9,1,36,Full-time parent,London,4,Stayed in,NA,NA
Dan,Beasley-Harling,9,2,36,Full-time parent,London,3,Stayed in,NA,NA
Dan,Beasley-Harling,9,3,36,Full-time parent,London,6,Stayed in,NA,NA
Dan,Beasley-Harling,9,4,36,Full-time parent,London,1,Star Baker,NA,NA
Dan,Beasley-Harling,9,5,36,Full-time parent,London,2,Stayed in,NA,NA
Dan,Beasley-Harling,9,6,36,Full-time parent,London,6,Eliminated,NA,NA
Dan,Chambers,10,1,32,Support worker,Rotherham,9,Eliminated,NA,NA
Danny,Bryden,3,1,45,Intensive care consultant,Sheffield,7,Stayed in,"Plum, Ginger & Orange",UNKNOWN
Danny,Bryden,3,2,45,Intensive care consultant,Sheffield,3,Stayed in,Lime Coriander and Coconut TortillasZaatar Naan with Dukkah,UNKNOWN
Danny,Bryden,3,3,45,Intensive care consultant,Sheffield,2,Stayed in,Savoury Pear and Roquefort Tarte Tatin,"Pineapple, Coconut and Frangipane Tart"
Danny,Bryden,3,4,45,Intensive care consultant,Sheffield,2,Stayed in,"Blackberry, White Chocolate, Lemon and Elderflower Torte","'Monte Bianco' Chestnut, Chocolate and Coffee Dacquoise"
Danny,Bryden,3,5,45,Intensive care consultant,Sheffield,7,Stayed in,"Chickpea, Spinach & Mushroom Wellington",Trick or Treat Pumpkin Pie
Danny,Bryden,3,6,45,Intensive care consultant,Sheffield,2,Stayed in,Banoffee Puddings with Walnut Butterscotch SauceJubilee Chocolate Fondants,"Leek, Potato, Pistachio and Gruyère Strudel"
Danny,Bryden,3,7,45,Intensive care consultant,Sheffield,2,Star Baker,Bakewell Chelsea Buns,European Christmas Wreath
Danny,Bryden,3,8,45,Intensive care consultant,Sheffield,4,Stayed in,Spiced Almond Drinks Crackers,Gingerbread Big Ben
Danny,Bryden,3,9,45,Intensive care consultant,Sheffield,4,Eliminated,Blackberry and Peppermint MacaroonsMiniature Raspberry and Basil FinanciersOrange and White Chocolate Langues de Chat,Rosewater and Lychee St. Honoré
David,Chambers,1,1,31,Entrepreneur,Milton Keynes,3,Stayed in,Chocolate Orange Cake,"Black Forest Floor Gateauxwith Moulded Chocolate Leaves, Fallen Fruitand Chocolate Mushrooms Moulded from eggs"
David,Chambers,1,2,31,Entrepreneur,Milton Keynes,8,Stayed in,Cheddar Cheese and Fresh Rosemary Biscuits,Choux Pastry Swans  Chocolate Profiteroles
David,Chambers,1,3,31,Entrepreneur,Milton Keynes,4,Stayed in,Chilli Bread,"Walnut and Seed Roll
Red Berry and Almond Bun"
David,Chambers,1,4,31,Entrepreneur,Milton Keynes,5,Eliminated,Pear and Walnut Pudding,"Apple and Blackberry Crumble, Rhubarb and Orange Betty, Suet Pear"
David,Atherton,10,1,36,International health adviser,Whitby,10,Stayed in,NA,NA
David,Atherton,10,2,36,International health adviser,Whitby,2,Stayed in,NA,NA
David,Atherton,10,3,36,International health adviser,Whitby,2,Stayed in,NA,NA
David,Atherton,10,4,36,International health adviser,Whitby,2,Stayed in,NA,NA
David,Atherton,10,5,36,International health adviser,Whitby,9,Stayed in,NA,NA
David,Atherton,10,6,36,International health adviser,Whitby,2,Stayed in,NA,NA
David,Atherton,10,7,36,International health adviser,Whitby,2,Stayed in,NA,NA
David,Atherton,10,8,36,International health adviser,Whitby,1,Stayed in,NA,NA
David,Atherton,10,9,36,International health adviser,Whitby,2,Stayed in,NA,NA
David,Atherton,10,10,36,International health adviser,Whitby,1,Series Winner,NA,NA
Deborah,Manger,4,1,51,Dentist,Peterborough,9,Stayed in,Pineapple Cake,'Coffee Time'
Deborah,Manger,4,2,51,Dentist,Peterborough,8,Stayed in,Fennel & Chilli Breadsticks,Walnut Fleur Loaf
Deborah,Manger,4,3,51,Dentist,Peterborough,9,Eliminated,Tropical Trifle*,Canelé Cherry and Chocolate CakesRose Cookies
Diana,Beard,5,1,69,Women's Institute (WI) Judge,"Alkington, Shropshire",5,Stayed in,Mum's Sunday Tea Lemon Curd Swiss Roll,Chocolate Ganache Surprises
Diana,Beard,5,2,69,Women's Institute (WI) Judge,"Alkington, Shropshire",7,Stayed in,Parmesan Triangles,"Express, First Class"
Diana,Beard,5,3,69,Women's Institute (WI) Judge,"Alkington, Shropshire",7,Stayed in,Rustic Picnic Rolls,Sharing Savoury Pinwheel
Diana,Beard,5,4,69,Women's Institute (WI) Judge,"Alkington, Shropshire",9,Stayed in,Orange and Lemon Curd Pots,Raspberry Ripple Alaska Swan
Diana,Beard,5,5,69,Women's Institute (WI) Judge,"Alkington, Shropshire",NA,Withdrew,NA,NA
Diana,Beard,5,6,69,Women's Institute (WI) Judge,"Alkington, Shropshire",NA,Stayed in,NA,NA
Diana,Beard,5,7,69,Women's Institute (WI) Judge,"Alkington, Shropshire",NA,Stayed in,NA,NA
Diana,Beard,5,8,69,Women's Institute (WI) Judge,"Alkington, Shropshire",NA,Stayed in,NA,NA
Diana,Beard,5,9,69,Women's Institute (WI) Judge,"Alkington, Shropshire",NA,Stayed in,NA,NA
Diana,Beard,5,10,69,Women's Institute (WI) Judge,"Alkington, Shropshire",NA,Stayed in,NA,NA
Dorret,Conway,6,1,53,Accountant,"Penwortham, Lancashire",5,Stayed in,Madeira Cake with Candied Lemons,Enchanted Forest Gâteau
Dorret,Conway,6,2,53,Accountant,"Penwortham, Lancashire",1,Stayed in,Almond and Apricot Biscotti with Amber Sugar Crystals,Box of Frogs
Dorret,Conway,6,3,53,Accountant,"Penwortham, Lancashire",6,Eliminated,Walnut and Stilton Soda Breads,Unmade Bread
Edd,Kimber,1,1,24,Debt collector for Yorkshire Bank,Bradford,1,Stayed in,Caramel Cinnamon and Banana Cake,NA
Edd,Kimber,1,2,24,Debt collector for Yorkshire Bank,Bradford,6,Stayed in,Oatmeal Raisin Cookie,Pink Macarons
Edd,Kimber,1,3,24,Debt collector for Yorkshire Bank,Bradford,1,Stayed in,Olive Bread,Tomato and Mozzarella
Edd,Kimber,1,4,24,Debt collector for Yorkshire Bank,Bradford,3,Stayed in,Apple and Plum Pudding,"Apple and Cinnamon Crumble, Nutella Banana Brioche Bread Pudding, Rhubarb and Strawberry Suet Layer"
Edd,Kimber,1,5,24,Debt collector for Yorkshire Bank,Bradford,2,Stayed in,"Chicken, Ham, Leek and Tarragon Pie","Almond Sweet Pastry with Ginger and Chocolate  Raspberry Tart / Yorkshire Curd Tart  Chickpea and Salami, Red and Yellow Pepper, Asparagus Gruyere Quiche Canapés"
Edd,Kimber,1,6,24,Debt collector for Yorkshire Bank,Bradford,NA,Series Winner,Cinnamon and Banana Cake,NA
Enwezor,Nzegwu,5,1,39,Business Consultant,"Portsmouth, Hampshire",9,Stayed in,Raspberry and Lemon Swiss Roll,Coffee and Walnut Battenberg Squares
Enwezor,Nzegwu,5,2,39,Business Consultant,"Portsmouth, Hampshire",9,Eliminated,Pumpkin and Sunflower Savoury Biscuits,Space Adventure Moon Scene
Flo,Atkins,8,1,71,Retired,Merseyside,9,Stayed in,Citrus Layer Cake,'One in a Melon' Cake
Flo,Atkins,8,2,71,Retired,Merseyside,10,Stayed in,Gin Jam Butties,'Pick My Bones' Game
Flo,Atkins,8,3,71,Retired,Merseyside,7,Eliminated,Cinnamon and Orange Teacakes,'Davy Jones' Locker' Bread Sculpture
Flora,Shedden,6,1,19,Art gallery assistant,"Dunkeld, Perth and Kinross",6,Stayed in,Blood Orange Madeira Cake,Black Forest Gâteau
Flora,Shedden,6,2,19,Art gallery assistant,"Dunkeld, Perth and Kinross",2,Stayed in,Wedding Biscotti,Honey and Earl Grey Tea Box
Flora,Shedden,6,3,19,Art gallery assistant,"Dunkeld, Perth and Kinross",2,Stayed in,Fig and Hazelnut Rye Breads,Herb Couture
Flora,Shedden,6,4,19,Art gallery assistant,"Dunkeld, Perth and Kinross",3,Stayed in,Rhubarb and Ginger Crème Brûlées,Elderflower and Granola Cheesecakes
Flora,Shedden,6,5,19,Art gallery assistant,"Dunkeld, Perth and Kinross",3,Stayed in,"Pistachio, Apple and Cardamom Madeleine Cake",Chocolate and Pear Bûche
Flora,Shedden,6,6,19,Art gallery assistant,"Dunkeld, Perth and Kinross",2,Stayed in,Apricot and Rosemary Frangipane Tart,Asparagus and Parma Ham and Praline and Chocolate Vol-au-vents
Flora,Shedden,6,7,19,Art gallery assistant,"Dunkeld, Perth and Kinross",4,Stayed in,Game Pie with Shallot and Apple Chutney,"Raspberry, Pomegranate and Champagne Charlotte Russe"
Flora,Shedden,6,8,19,Art gallery assistant,"Dunkeld, Perth and Kinross",3,Stayed in,Peach & Lemon Thyme and Smoked Almond & Butterscotch Cream Horns,Lime & Basil and Coconut & White Chocolate Religieuse à l'ancienne
Flora,Shedden,6,9,19,Art gallery assistant,"Dunkeld, Perth and Kinross",1,Eliminated,Passion Fruit and Chocolate Tart,Cocoa Carousel
Frances,Quinn,4,1,31,Children's Clothes Designer,"Market Harborough, Leicestershire",7,Stayed in,Giant Jam Sandwich,Secret Squirrel Cake
Frances,Quinn,4,2,31,Children's Clothes Designer,"Market Harborough, Leicestershire",2,Stayed in,Giant Matchsticks,Sailor's Knot
Frances,Quinn,4,3,31,Children's Clothes Designer,"Market Harborough, Leicestershire",8,Stayed in,Apple and Blackberry Crumble Trifle,'Ballet Bites' Ginger NutcrackersSugar Plum Fairy Cakes
Frances,Quinn,4,4,31,Children's Clothes Designer,"Market Harborough, Leicestershire",1,Stayed in,Peach Pie In the Sky,Cherry Tree Baklava Filo Pie
Frances,Quinn,4,5,31,Children's Clothes Designer,"Market Harborough, Leicestershire",3,Stayed in,Millionaire Banoffee Bonus,Biscuit Buttons and Beads
Frances,Quinn,4,6,31,Children's Clothes Designer,"Market Harborough, Leicestershire",2,Stayed in,Chai Tea Loaf,Hot Cross BriochesRhubarb and Custard Kolaches
Frances,Quinn,4,7,31,Children's Clothes Designer,"Market Harborough, Leicestershire",5,Star Baker,Figgy Roll-y Poly Puddingwith Caramelised Walnut and Honey Ice-Cream,French Framboise Cream HornsSheet Music Mille-feuilleBass Clef Palmiers
Frances,Quinn,4,8,31,Children's Clothes Designer,"Market Harborough, Leicestershire",3,Stayed in,'Chelsea Flour Show' Bun Bouquet,"Hidden Carrot Cake (Ground Praline, Beetroot and Walnut)"
Frances,Quinn,4,9,31,Children's Clothes Designer,"Market Harborough, Leicestershire",2,Stayed in,"Legume Canapés:
Chantenay CarrotsChoux Pastry TomatoesCauliflower Cheese Scones",Great British Soap Opera Cake
Frances,Quinn,4,10,31,Children's Clothes Designer,"Market Harborough, Leicestershire",3,Series Winner,Rainbow Picnic Pie,Midsummer Night's Dream Wedding Cake
Glenn,Cosby,4,1,37,English Teacher,"Teignmouth, Devon",4,Stayed in,Strawberries and Cream Cake,Almond and Espresso Chocolate Cake
Glenn,Cosby,4,2,37,English Teacher,"Teignmouth, Devon",7,Stayed in,Rosemary and Parmesan Grissini,Harvest Crown
Glenn,Cosby,4,3,37,English Teacher,"Teignmouth, Devon",1,Stayed in,Raspberry and Almond Trifle,Billionaire BouchéesOrange Financiers
Glenn,Cosby,4,4,37,English Teacher,"Teignmouth, Devon",9,Stayed in,Apple & Maple Syrup Pie,Spanakopita (Walnut and Feta Cheese)
Glenn,Cosby,4,5,37,English Teacher,"Teignmouth, Devon",2,Stayed in,Apricot and Pistachio Tiffin,Shortbread and Macaron Helter-Skelter
Glenn,Cosby,4,6,37,English Teacher,"Teignmouth, Devon",5,Stayed in,Devonshire Panettone,Almond and Apricot BriochesSticky Caramel Kanelbullen
Glenn,Cosby,4,7,37,English Teacher,"Teignmouth, Devon",3,Eliminated,Prune and Armagnac Puddingwith Boozy Butterscotch Sauce,Caramelised Apple and Marzipan TartletsChocolate Elephant EarsPassion Fruit Mille-feuille
Helena,Garcia,10,1,40,Online project manager,Leeds,12,Stayed in,NA,NA
Helena,Garcia,10,2,40,Online project manager,Leeds,12,Stayed in,NA,NA
Helena,Garcia,10,3,40,Online project manager,Leeds,8,Stayed in,NA,NA
Helena,Garcia,10,4,40,Online project manager,Leeds,9,Stayed in,NA,NA
Helena,Garcia,10,5,40,Online project manager,Leeds,1,Eliminated,NA,NA
Henry,Bird,10,1,20,Student,Durham,1,Stayed in,NA,NA
Henry,Bird,10,2,20,Student,Durham,6,Stayed in,NA,NA
Henry,Bird,10,3,20,Student,Durham,1,Stayed in,NA,NA
Henry,Bird,10,4,20,Student,Durham,3,Stayed in,NA,NA
Henry,Bird,10,5,20,Student,Durham,3,Stayed in,NA,NA
Henry,Bird,10,6,20,Student,Durham,4,Stayed in,NA,NA
Henry,Bird,10,7,20,Student,Durham,3,Star Baker,NA,NA
Henry,Bird,10,8,20,Student,Durham,5,Eliminated,NA,NA
Holly,Bell,2,1,31,Advertising executive,Leicester,1,Star Baker,Cherry Bakewell Inspired CupcakesGinger Cupcakes with Fig Truffle,UNKNOWN
Holly,Bell,2,2,31,Advertising executive,Leicester,4,Stayed in,Pesto Quiche,Milk Chocolate and Pistachio TartsTrifle Tarts
Holly,Bell,2,3,31,Advertising executive,Leicester,6,Stayed in,Picnic Loaf,Stilton and Walnut Rolls
Holly,Bell,2,4,31,Advertising executive,Leicester,3,Star Baker,Strawberry and Custard Melts,"'Chocolate bars of my youth'
(Caramel Macarons, Mint Chocolate Macarons and Chocolate Orange Macarons)"
Holly,Bell,2,5,31,Advertising executive,Leicester,4,Stayed in,"Stilton, Potato and Caramelised Onion Pie",Lime Meringue Pie
Holly,Bell,2,6,31,Advertising executive,Leicester,3,Stayed in,Father Christmas' Baked Cheesecake,Hansel and Gretel's Croquembouche
Holly,Bell,2,7,31,Advertising executive,Leicester,1,Stayed in,"White Chocolate, Hazelnut and Raspberry Genoise Mousse Cake","Apricot, Macadamia and White Chocolate PinwheelsAlmond CroissantsApple, Raisin and Cinnamon Plaits"
Holly,Bell,2,8,31,Advertising executive,Leicester,2,Series Runner-up,Banoffee Inspired Mille Feuille,Strawberry and Cream Meringue NestGooseberry and Elderflower 'Bakewell' TartsNeapolitan Ice-Cream Sandwich
Howard,Middleton,4,1,51,Council Worker,Sheffield,6,Stayed in,Passion Fruit and Coconut Cake,Black Forest Revisited
Howard,Middleton,4,2,51,Council Worker,Sheffield,10,Stayed in,Moroccan Breadsticks,Picasso Sun Bread
Howard,Middleton,4,3,51,Council Worker,Sheffield,7,Stayed in,Caramel and Apple Trifle*,Black Coffee and Cardamom CakesWhite Stilton and Pear Biscuits
Howard,Middleton,4,4,51,Council Worker,Sheffield,5,Stayed in,Apple Pie with Sage Pastry,Fresh Fig and Feta Filo Flan
Howard,Middleton,4,5,51,Council Worker,Sheffield,8,Stayed in,Breakfast Traybake,Japanese Pagoda Tea Tower
Howard,Middleton,4,6,51,Council Worker,Sheffield,7,Eliminated,Date & Hemp Yorkshire Loaf,Peachy BunsGerman Baumschnecken
Iain,Watters,5,1,31,Construction Engineer,London/Belfast,4,Stayed in,Apricot and Basil Swiss Roll with Mascarpone and White Chocolate Cream,"Lemon Drizzle Cakes with Mascarpone Filling, Drizzled Icing, and Candied Lemon"
Iain,Watters,5,2,31,Construction Engineer,London/Belfast,11,Stayed in,Za'atar and Fig Biscuits,Wild West Scene
Iain,Watters,5,3,31,Construction Engineer,London/Belfast,9,Stayed in,Cranberry and Walnut Rye Bread Rolls,Moroccan Plaited with a Bessara Dip
Iain,Watters,5,4,31,Construction Engineer,London/Belfast,6,Eliminated,"Chocolate, Lime and Raspberry Fondants","Chocolate, Black Sesame Seed and Coffee Caramel Baked Alaska (not presented)"
Ian,Vallance,2,1,40,Fundraiser for English Heritage,"Dunstable, Bedfordshire",10,Stayed in,Apple and Cinnamon Cupcakes,UNKNOWN
Ian,Vallance,2,2,40,Fundraiser for English Heritage,"Dunstable, Bedfordshire",2,Stayed in,"Stilton, Spinach and New Potato Quichewith Paprika and Walnut Pastry",UNKNOWN
Ian,Vallance,2,3,40,Fundraiser for English Heritage,"Dunstable, Bedfordshire",10,Eliminated,"Courgette, Caerphilly Cheese and Thyme Loaf",Walnut and Raisin RollsCracked Wheat Logs
Ian,Cumming,6,1,41,Travel photographer,"Great Wilbraham, Cambridgeshire",8,Stayed in,Somewhere West of Madeira Cake,Black Forest Cherry Tree
Ian,Cumming,6,2,41,Travel photographer,"Great Wilbraham, Cambridgeshire",3,Star Baker,"Orange, Rosemary and Almond Biscotti",Sandwich de la Confiture
Ian,Cumming,6,3,41,Travel photographer,"Great Wilbraham, Cambridgeshire",1,Star Baker,Wild Garlic Pesto Soda Breads,Flour Power
Ian,Cumming,6,4,41,Travel photographer,"Great Wilbraham, Cambridgeshire",4,Star Baker,Pomegranate Two Ways Crème Brûlées,Trio of Spicy and Herby Baked Cheesecakes
Ian,Cumming,6,5,41,Travel photographer,"Great Wilbraham, Cambridgeshire",5,Stayed in,Honey and Flowers Cake,Dessert Island
Ian,Cumming,6,6,41,Travel photographer,"Great Wilbraham, Cambridgeshire",3,Stayed in,Pear and Raspberry Frangipane Tart,vol-au-vents Terre et Mer
Ian,Cumming,6,7,41,Travel photographer,"Great Wilbraham, Cambridgeshire",5,Stayed in,Roadkill Pie,Victoria's Crown Charlotte Russe
Ian,Cumming,6,8,41,Travel photographer,"Great Wilbraham, Cambridgeshire",2,Stayed in,Mont Blanc & Black Forest Gâteau Horns,Nun with Hidden Passions
Ian,Cumming,6,9,41,Travel photographer,"Great Wilbraham, Cambridgeshire",3,Stayed in,Chocolate and Bay Tart,Chocolate Well
Ian,Cumming,6,10,41,Travel photographer,"Great Wilbraham, Cambridgeshire",2,Series Runner-up,Elderflower and Lemon & Spiced Buns,Colossal Curvy Carrot Cake
Imelda,McCarron,9,1,33,Countryside recreation officer,County Tyrone,11,Eliminated,NA,NA
James,Morton,3,1,21,Medical student,"Hillswick, Shetland Islands",2,Stayed in,"Parsnip, Pear, and Pecan","""Simmer Dim"" Sunset Cake"
James,Morton,3,2,21,Medical student,"Hillswick, Shetland Islands",2,Stayed in,"Tomato, Garlic, and Parmesan FlatbreadsTattie Scones","Orange, Mint and Chocolate Bagels
'Millers' Sourdough Bagels"
James,Morton,3,3,21,Medical student,"Hillswick, Shetland Islands",1,Star Baker,Apple and Lavender Tarte Tatin,"Rose, Lychee and Raspberry Fruit Tart"
James,Morton,3,4,21,Medical student,"Hillswick, Shetland Islands",5,Stayed in,"Hazelnut, Chocolate and Passionfruit Torte","Fig, Chestnut, Cherry and Chocolate Layered Meringue"
James,Morton,3,5,21,Medical student,"Hillswick, Shetland Islands",6,Stayed in,Four Pig Wellington,Sweet Potato Pie
James,Morton,3,6,21,Medical student,"Hillswick, Shetland Islands",7,Stayed in,Banana and Clove PuddingsClootie Dumplings,"Strawberry, Rhubarb and Ginger Strudel"
James,Morton,3,7,21,Medical student,"Hillswick, Shetland Islands",1,Stayed in,Easter Chelsea Buns,Whisky Kugelhopf-Brioche Baba
James,Morton,3,8,21,Medical student,"Hillswick, Shetland Islands",1,Star Baker,"Smoky Cayenne, Cumin and Chilli Crackers",Gingerbread Barn
James,Morton,3,9,21,Medical student,"Hillswick, Shetland Islands",1,Star Baker,"Lemon and Rhubarb TartletsChocolate Indulgence Petits FoursChilli, Lime and Raspberry Macaroons","Coffee, Caramel and Hazelnut Paris-Brest"
James,Morton,3,10,21,Medical student,"Hillswick, Shetland Islands",1,Series Runner-up,Spanish Pithivier with Chorizo and Red Pepper,United Chiffon Cakes
James,Hillery,8,1,46,Banker,"Brentwood, Essex",2,Stayed in,"Orange, Rhubarb & Ginger Crumble Cake",'Mock-accino and Croissant' Cake
James,Hillery,8,2,46,Banker,"Brentwood, Essex",3,Stayed in,Rhubarb and Custard Whirls,'Coppit' Game
James,Hillery,8,3,46,Banker,"Brentwood, Essex",9,Stayed in,Nordic Teacakes,'Owl in the Woods' Bread Sculpture
James,Hillery,8,4,46,Banker,"Brentwood, Essex",2,Stayed in,'Windy City' Millionaire Shortbreads,Nutty Caramel Cake
James,Hillery,8,5,46,Banker,"Brentwood, Essex",7,Eliminated,Orange and Ginger Steamed School Pudding,'The Missed Silver Jubilee' Trifle Terrine
Jamie,Finn,10,1,20,Part-time waiter,Surrey,13,Stayed in,NA,NA
Jamie,Finn,10,2,20,Part-time waiter,Surrey,11,Eliminated,NA,NA
Jane,Beedle,7,1,61,Garden designer,Beckenham,7,Star Baker,Lemon and Poppy Seed Drizzle Cake,Chocolate Orange Mirror Cake
Jane,Beedle,7,2,61,Garden designer,Beckenham,2,Stayed in,Flower Pot Iced Biscuits,Hastings Old Town Fishing Net Shops and Boat
Jane,Beedle,7,3,61,Garden designer,Beckenham,9,Stayed in,Chocolate and Cranberry Couronne,Chorizo and Chilli Flower with Parmesan and Pesto Centre
Jane,Beedle,7,4,61,Garden designer,Beckenham,3,Stayed in,Meat and Two Veg Yorkshires,Pistachio and White Chocolate Churros
Jane,Beedle,7,5,61,Garden designer,Beckenham,1,Stayed in,"Orange Pain au Raisins, Raspberry, Chocolate and Almond Danish","Roquefort, Fig and Walnut Parcels and Cherry and Chocolate Cones"
Jane,Beedle,7,6,61,Garden designer,Beckenham,4,Stayed in,Lime and Coconut Meringue Pie,Three Tier Orange Cake with a Floral Chocolate Collar
Jane,Beedle,7,7,61,Garden designer,Beckenham,4,Stayed in,Chocolate and Hazelnut Roulade,"Chocolate, Coffee, and Vanilla Joconde Cakes and Blackcurrant and Vanilla Ombre Mousses"
Jane,Beedle,7,8,61,Garden designer,Beckenham,5,Stayed in,Tudor Rose Pies,Swans
Jane,Beedle,7,9,61,Garden designer,Beckenham,1,Stayed in,"Pesto and Sundried Tomato Palmiers and Goats Cheese, Olive and Parma Ham Palmiers",Pistachio and Raspberry Fondant Fancies and Lemon Curd Surprise Fondant Fancies
Jane,Beedle,7,10,61,Garden designer,Beckenham,3,Series Runner-up,"Red, White and Blue Meringue Crown",Family Favourites Feast
Janet,Basu,2,1,63,Teacher of Modern Languages,"Formby, Liverpool",8,Stayed in,Raspberry and Cream Cupcakes,Chocolate Marble Cakewith Dark and White Chocolate Truffles
Janet,Basu,2,2,63,Teacher of Modern Languages,"Formby, Liverpool",8,Stayed in,Quiche Printanière,Red Fruit TartsChocolate and Cherry Tarts
Janet,Basu,2,3,63,Teacher of Modern Languages,"Formby, Liverpool",8,Stayed in,Zupfe Loaf with Gruyère Cheese,Apple and Walnut Granary Rolls Red Onion Cottage Rolls
Janet,Basu,2,4,63,Teacher of Modern Languages,"Formby, Liverpool",4,Stayed in,Christmas Marzipan Biscuits,"Raspberry Macarons
Blackcurrant Macarons
Almond Macarons"
Janet,Basu,2,5,63,Teacher of Modern Languages,"Formby, Liverpool",1,Star Baker,Chicken and Chestnut Pie,Rhubarb Meringue Pie
Janet,Basu,2,6,63,Teacher of Modern Languages,"Formby, Liverpool",5,Stayed in,Rhubarb and Ginger Baked Cheesecake,Orange and Nougatine Croquembouche
Janet,Basu,2,7,63,Teacher of Modern Languages,"Formby, Liverpool",4,Eliminated,Chocolate Amaretto Mousse Cake,Pain Aux RaisinPlain CroissantPain Au Chocolat
Jasminder,Randhawa,1,1,45,Assistant Credit Control Manager,Birmingham,NA,Stayed in,Fresh Mango and Passion Fruit Hummingbird Cake,NA
Jasminder,Randhawa,1,2,45,Assistant Credit Control Manager,Birmingham,2,Stayed in,Millionaires' Shortbread,Meringues with Chocolate and Space DustCoffee flavoured Eclairs
Jasminder,Randhawa,1,3,45,Assistant Credit Control Manager,Birmingham,5,Stayed in,Focaccia,"Mango and Sultana Buns
Pan au Chocolat with Mars Bars
Tutti Frutti Wheel with Jelly Tots"
Jasminder,Randhawa,1,4,45,Assistant Credit Control Manager,Birmingham,2,Stayed in,Sticky Toffee Pudding with Tropical Fruit & Toffee Sauce,"Bread & Butter Pudding, Treacle Suet Pudding with Fresh Fruit, Apple and Pineapple Crumble"
Jasminder,Randhawa,1,5,45,Assistant Credit Control Manager,Birmingham,4,Eliminated,Chicken and Mushroom Pie,"Jaggery, Carrot, and Spiced Condensed Milk Tart  Fruit and Custard Tart  Thai Chili Red Onion, Duck in Plum Sauce, Salmon and Prawn Canapés"
Jason,White,2,1,19,Civil Engineering Student,Croydon,6,Stayed in,Lemon Meringue CupcakesApple and Cinnamon Cupcakes,UNKNOWN
Jason,White,2,2,19,Civil Engineering Student,Croydon,3,Star Baker,Salmon and Pak Choi Quiche,Mint Chocolate Tarts Blueberry Bakewell Tarts
Jason,White,2,3,19,Civil Engineering Student,Croydon,7,Stayed in,Cheese and Onion Tear and Share Loaf,UNKNOWN
Jason,White,2,4,19,Civil Engineering Student,Croydon,1,Star Baker,Lebkuchen,"Mocktail Macarons
(Mojito, Cranberry Cooler, and Pina Colada)"
Jason,White,2,5,19,Civil Engineering Student,Croydon,7,Eliminated,Brown Down Chicken Pie,Plum Meringue Pie
Jo,Wheatley,2,1,41,Housewife,"Ongar, Essex",NA,NA,Chocolate Orange CupcakesOrange and Cardamom Cupcakes,Chocolate and Strawberry Cake
Jo,Wheatley,2,2,41,Housewife,"Ongar, Essex",NA,NA,"Caramelised Onion, Gruyere and Thyme Quiche",Raspberry and Mascarpone Tarts with Lemon and Almond PastryHoney and Almond Tarts with Sweetcrust
Jo,Wheatley,2,3,41,Housewife,"Ongar, Essex",NA,NA,"Stromboli flavored with Mozzarella, Ham, and Picante Pepper",Unknown
Jo,Wheatley,2,4,41,Housewife,"Ongar, Essex",NA,NA,Lavender Biscuits,Blueberry MacaronsCoconut MacaronsStrawberry Macarons
Jo,Wheatley,2,5,41,Housewife,"Ongar, Essex",NA,NA,Salmon and Asparagus Pie,Apple and Raspberry Meringue Pie
Jo,Wheatley,2,6,41,Housewife,"Ongar, Essex",NA,NA,Rum and Raisin Baked Cheesecake,Limoncello and White Chocolate Croquembouche
Jo,Wheatley,2,7,41,Housewife,"Ongar, Essex",NA,NA,Raspberry & Strawberry Mousse Cake,Pain Aux RaisinChocolate TwistsBanana and Raisin Pastries
Jo,Wheatley,2,8,41,Housewife,"Ongar, Essex",NA,NA,Raspberry and Blueberry Mille Feuille,"Mini Victoria SandwichesRaspberry, White Chocolate and Pistachio Mini MeringuesMini Banoffee Pie with Banana Mousse"
Joanne,NA,2,1,NA,NA,NA,11,Stayed in,NA,NA
Joanne,NA,2,2,NA,NA,NA,10,Stayed in,NA,NA
Joanne,NA,2,3,NA,NA,NA,1,Stayed in,NA,NA
Joanne,NA,2,4,NA,NA,NA,8,Stayed in,NA,NA
Joanne,NA,2,5,NA,NA,NA,6,Stayed in,NA,NA
Joanne,NA,2,6,NA,NA,NA,1,Star Baker,NA,NA
Joanne,NA,2,7,NA,NA,NA,3,Stayed in,NA,NA
Joanne,NA,2,8,NA,NA,NA,1,Series Winner,NA,NA
John,Whaite,3,1,22,Law student,Wigan,11,Stayed in,"Toffee Apple, Orange & Cranberry",Hidden Pink Hearts Cake
John,Whaite,3,2,22,Law student,Wigan,1,Star Baker,"Coriander and Chilli RotisGarlic, Pomegranate and Potato Pitas","Fig, Walnut and Gruyere Bagels
Blueberry and White Chocolate Bagels"
John,Whaite,3,3,22,Law student,Wigan,6,Stayed in,Apple and Vanilla Tarte Tatin with Walnut Praline,"Berries, Grapes, Pomegranate, and Dragon Fruit Tart"
John,Whaite,3,4,22,Law student,Wigan,6,Stayed in,'Torte Noir' Black Forest Torte with Boozy Cream,Elderflower and Bramble Berry Pavlova
John,Whaite,3,5,22,Law student,Wigan,2,Stayed in,Venison and Haggis Wellington,Star-Spangled Pecan Pie
John,Whaite,3,6,22,Law student,Wigan,5,Stayed in,Spicy Toffee PuddingsRaspberry and White Chocolate Puddings,Did not complete due to injury
John,Whaite,3,7,22,Law student,Wigan,3,Stayed in,Cherry and Almond Saffron Buns,Marzipan Stollen
John,Whaite,3,8,22,Law student,Wigan,3,Stayed in,Asian Spice Crackers,Gingerbread Roman Coliseum
John,Whaite,3,9,22,Law student,Wigan,2,Stayed in,Lemon MadeleinesWhite Chocolate and Raspberry TartletsDark Chocolate and Cherry Macaroons,Gateau St. Honoré a la Passion
John,Whaite,3,10,22,Law student,Wigan,2,Series Winner,Italian Sausage and Roasted Vegetable Pithivier,Heaven and Hell Chiffon Cake
Jon,Jenkins,9,1,47,Blood courier,Newport,5,Stayed in,NA,NA
Jon,Jenkins,9,2,47,Blood courier,Newport,1,Stayed in,NA,NA
Jon,Jenkins,9,3,47,Blood courier,Newport,2,Stayed in,NA,NA
Jon,Jenkins,9,4,47,Blood courier,Newport,3,Stayed in,NA,NA
Jon,Jenkins,9,5,47,Blood courier,Newport,7,Stayed in,NA,NA
Jon,Jenkins,9,6,47,Blood courier,Newport,2,Stayed in,NA,NA
Jon,Jenkins,9,7,47,Blood courier,Newport,4,Eliminated,NA,NA
Jonathan,Shepherd,1,1,25,Research Analyst,St Albans,9,Stayed in,Carrot Cake with Lime and Cream Cheese Icing,Three Tiered White and Dark Chocolate with Almond and Cherry
Jonathan,Shepherd,1,2,25,Research Analyst,St Albans,1,Stayed in,Honey and Candied Ginger Cookies,Meringues with Whiskey Cream
Jonathan,Shepherd,1,3,25,Research Analyst,St Albans,6,Eliminated,"Anchovy, Sweet Paprika and Oregano Bread","Sticky Lemon Honey Bun
Olive and Anchovy Roll
Sundried Tomatoes and Fresh Herbs Roll
Stilton, Walnut and Apple Roll
Cinnamon and Cardamom Chelsea Bun"
Jordan,Cox,5,1,32,IT Manager,"Sneinton, Nottingham",12,Stayed in,Kawaii Frasier Swiss Roll,Lemon Drizzle Cakes with Blueberry and Lemon Curd
Jordan,Cox,5,2,32,IT Manager,"Sneinton, Nottingham",6,Stayed in,"Sourdough, Parmesan and Chilli Biscuits",Monster Attack
Jordan,Cox,5,3,32,IT Manager,"Sneinton, Nottingham",10,Eliminated,Rye and Spelt Bread Rolls,Strawberry Raspberry Cheesecake Brioche
Julia,Chernogorova,8,1,21,Aviation Broker,"Crawley, West Sussex",3,Stayed in,Courgette and Lemon Cake,'Russian Doll' Cake
Julia,Chernogorova,8,2,21,Aviation Broker,"Crawley, West Sussex",4,Stayed in,Middle Eastern Delight Sandwich Biscuits,'A British Baking' Game
Julia,Chernogorova,8,3,21,Aviation Broker,"Crawley, West Sussex",2,Star Baker,Earl Grey Dried Fruit Teacakes,'The Snail Under a Mushroom' Bread Sculpture
Julia,Chernogorova,8,4,21,Aviation Broker,"Crawley, West Sussex",9,Stayed in,Pecan Salted Caramel Millionaire Shortbreads,Poppy Seed Caramel Cake
Julia,Chernogorova,8,5,21,Aviation Broker,"Crawley, West Sussex",3,Stayed in,Orange & Treacle Steamed School Pudding,'Opulent Ornament' Trifle Terrine
Julia,Chernogorova,8,6,21,Aviation Broker,"Crawley, West Sussex",7,Eliminated,'Pies from the Tree' Decorative Pies,'Special Occasion' Pie
Karen,Wright,9,1,60,In-store sampling assistant,Wakefield,6,Stayed in,NA,NA
Karen,Wright,9,2,60,In-store sampling assistant,Wakefield,11,Stayed in,NA,NA
Karen,Wright,9,3,60,In-store sampling assistant,Wakefield,5,Stayed in,NA,NA
Karen,Wright,9,4,60,In-store sampling assistant,Wakefield,7,Stayed in,NA,NA
Karen,Wright,9,5,60,In-store sampling assistant,Wakefield,9,Eliminated,NA,NA
Kate,Henry,5,1,41,Furniture Restorer,"Brighton, East Sussex",6,Stayed in,Red Velvet and White Chocolate Swiss Roll,Mini Tiered Victoria Sponges
Kate,Henry,5,2,41,Furniture Restorer,"Brighton, East Sussex",4,Stayed in,Parmesan and Apple Biscuits,Tea Time
Kate,Henry,5,3,41,Furniture Restorer,"Brighton, East Sussex",1,Stayed in,Orange and Cardamom Rye Bread Knots,"Prosciutto, Olive and Coriander Bread"
Kate,Henry,5,4,41,Furniture Restorer,"Brighton, East Sussex",7,Stayed in,Chocolate and Salted Caramel Molten Puddings,"Pistachio, Raspberry and Chocolate Baked Alaska"
Kate,Henry,5,5,41,Furniture Restorer,"Brighton, East Sussex",3,Star Baker,Rhubarb and Custard Tart,"Rhubarb, Prune and Apple Pies"
Kate,Henry,5,6,41,Furniture Restorer,"Brighton, East Sussex",6,Stayed in,"Pecan, Chocolate and Sour Cherry Yeast Cake",Trio of Dobos Tortes
Kate,Henry,5,7,41,Furniture Restorer,"Brighton, East Sussex",4,Eliminated,Spinach and Paneer Spicy Samosa,Neapolitan & Lemon Meringue Éclairs
Kate,Barmby,7,1,37,Nurse,"Brooke, Norfolk",4,Stayed in,Berry Best Apple and Bramble Drizzle Cake,One Swallow Does Not Make A Summer Cake
Kate,Barmby,7,2,37,Nurse,"Brooke, Norfolk",1,Stayed in,"""A Biscuit for the Broads""","""I Promise I will do my best"""
Kate,Barmby,7,3,37,Nurse,"Brooke, Norfolk",8,Stayed in,Cobbled Loaf,The Corn Maiden
Kate,Barmby,7,4,37,Nurse,"Brooke, Norfolk",7,Eliminated,Christmas Dinner Compromise,Hot Cross Bunny Churros
Kate,Lyon,8,1,29,Health and safety inspector,Merseyside,1,Stayed in,Moroccan Strawberry and Rose Cake,'Chocolate Terrarium' Cake
Kate,Lyon,8,2,29,Health and safety inspector,Merseyside,8,Stayed in,Coconut Seashells for a Titanic Afternoon Tea,'Jungle' Game
Kate,Lyon,8,3,29,Health and safety inspector,Merseyside,10,Stayed in,Blueberry Buns,'Kraken' Bread Sculpture
Kate,Lyon,8,4,29,Health and safety inspector,Merseyside,6,Star Baker,Salted Bay Caramel Millionaire Shortbreads,Sticky Toffee Apple Caramel Cake
Kate,Lyon,8,5,29,Health and safety inspector,Merseyside,8,Stayed in,'Mr Darcy's Steamy Lake Scene' Steamed School Pudding,'My Great Great Nan's' Raspberry Trifle Terrine
Kate,Lyon,8,6,29,Health and safety inspector,Merseyside,5,Stayed in,'Vegetarian Pie Faces' Decorative Pies,Potato Curry Pie with Mango & Chilli Glaze
Kate,Lyon,8,7,29,Health and safety inspector,Merseyside,6,Stayed in,'Happy Hour' Cocktail Cannoli,'Flavour Fusion' Sfogliatelle
Kate,Lyon,8,8,29,Health and safety inspector,Merseyside,2,Stayed in,Burrito Bedfordshire Clangers,'Liver Building Turret' Savoy Cake
Kate,Lyon,8,9,29,Health and safety inspector,Merseyside,4,Stayed in,Bellini and Valencian Orange Choux Buns,'Rainbow' Meringue Centrepiece
Kate,Lyon,8,10,29,Health and safety inspector,Merseyside,3,Series Runner-up,"Roman Spelt, Coconut Kala Chana and Flower Breads","White Chocolate, Yuzu and Lychee Entremet"
Keith,Batsford,2,1,31,House husband,"Arlesey, Bedfordshire",12,Eliminated,Earl Grey Cupcakes,Chocolate and Sour Cream Cake
Kim-Joy,Hewlett,9,1,27,Mental health specialist,Leeds,10,Stayed in,NA,NA
Kim-Joy,Hewlett,9,2,27,Mental health specialist,Leeds,4,Stayed in,NA,NA
Kim-Joy,Hewlett,9,3,27,Mental health specialist,Leeds,10,Stayed in,NA,NA
Kim-Joy,Hewlett,9,4,27,Mental health specialist,Leeds,6,Stayed in,NA,NA
Kim-Joy,Hewlett,9,5,27,Mental health specialist,Leeds,4,Star Baker,NA,NA
Kim-Joy,Hewlett,9,6,27,Mental health specialist,Leeds,5,Stayed in,NA,NA
Kim-Joy,Hewlett,9,7,27,Mental health specialist,Leeds,6,Star Baker,NA,NA
Kim-Joy,Hewlett,9,8,27,Mental health specialist,Leeds,2,Stayed in,NA,NA
Kim-Joy,Hewlett,9,9,27,Mental health specialist,Leeds,2,Stayed in,NA,NA
Kim-Joy,Hewlett,9,10,27,Mental health specialist,Leeds,1,Series Runner-up,NA,NA
Kimberley,Wilson,4,1,30,Psychologist,London,10,Stayed in,Blood Orange Cake,"Chocolate, Raspberry & Basil Layer Cake"
Kimberley,Wilson,4,2,30,Psychologist,London,1,Stayed in,Nigella Seed and Parmesan Breadsticks,Peace Bread
Kimberley,Wilson,4,3,30,Psychologist,London,6,Stayed in,"Peach, Almond and Ginger Trifle",Chocolate Pistachio FinanciersLemon Bergamot Biscuits
Kimberley,Wilson,4,4,30,Psychologist,London,4,Star Baker,Pecan and Rosemary Caramel Apple Pie,"Chicken, Bacon and Butternut Squash Pie"
Kimberley,Wilson,4,5,30,Psychologist,London,7,Stayed in,Cherry and Almond Bakewell Florentine Slice,Black and White Viennese Biscuit Stack
Kimberley,Wilson,4,6,30,Psychologist,London,3,Stayed in,Chai Spiced Ginger and Date Tea Loaf,Double Chocolate and Hazelnut BriochesDanish Kanelsnurrer
Kimberley,Wilson,4,7,30,Psychologist,London,4,Stayed in,Barberry and Apple Spotted Dickwith Maple Syrup and White Chocolate Custard,"Pear, Malt and Butterscotch Mille-feuilleBlackberry and Lemon Verbena Crème Brûle Custard TartsFig, Orange and Thyme Galette"
Kimberley,Wilson,4,8,30,Psychologist,London,2,Stayed in,Wild Garlic Pesto and Parma Ham Spelt Loaf,Butternut Squash and Spice Cake Toadstool House
Kimberley,Wilson,4,9,30,Psychologist,London,1,Star Baker,Pea Purée TartsCrab and Wasabi ProfiterolesSteamed Buns with Barbecue Chicken,Passion Fruit and Lime Opera Cake
Kimberley,Wilson,4,10,30,Psychologist,London,1,Series Runner-up,Chicken and Pig Pie,Languages of Love Wedding Cake
Lea,Harris,1,1,51,Retired,"Midlothian, Scotland",10,Eliminated,Cranberry and Pistachio Cakewith Orange Flower Water Icing,Raspberries and Cream filled Chocolatewith Chocolate-dipped Fresh Fruit
Lee,Banfield,7,1,67,Pastor,Bolton,11,Eliminated,St. Clements Orange and Lemon Drizzle Cake,Strawberry Surprise Mirror Cake
Liam,Charles,8,1,19,Student,North London,8,Stayed in,Apple and Almond Crumble Maple Loaf,'Stackin' Sunday' Cake
Liam,Charles,8,2,19,Student,North London,7,Stayed in,Coffee Malted Pecan Shorties,'Classroom Classics' Game
Liam,Charles,8,3,19,Student,North London,5,Stayed in,Jamaican Spiced Teacakes,'Kneadapolitan' Bread Sculpture
Liam,Charles,8,4,19,Student,North London,3,Stayed in,Salted Peanut Butter Millionaire Shortbreads,White Layered Ginger Caramel Cake
Liam,Charles,8,5,19,Student,North London,2,Stayed in,Cherries & Lemons that are 'Baked Well','Cheers Lads' Trifle Terrine
Liam,Charles,8,6,19,Student,North London,4,Star Baker,'Standard FC' Decorative Pies,'Nan's Sunday Dinner' Pie
Liam,Charles,8,7,19,Student,North London,2,Stayed in,'Just Doing Me' Cannoli,'Morning Delivery' Sfogliatelle
Liam,Charles,8,8,19,Student,North London,5,Eliminated,'Take Out' Bedfordshire Clangers,'Fort Wizardore' Savoy Cake
Louise,Brimelow,1,1,44,Police Officer,Manchester,NA,Stayed in,Carrot and Orange Cake,"Never Fail Chocolate Sponge Cake,with Fresh Fruit, White & Chocolate Cigarello Border"
Louise,Brimelow,1,2,44,Police Officer,Manchester,4,Eliminated,Stained Glass Window Shortbread,"Strawberry, Mint, and Cream Meringues  Chocolate Eclairs / Orange, Yellow and Pink Macarons"
Louise,Williams,7,1,46,Hairdresser,Cardiff,9,Stayed in,Orange Liqueur and Lemonade Drizzle Cake,White Chocolate Trifle Mirror Glaze Cake
Louise,Williams,7,2,46,Hairdresser,Cardiff,10,Eliminated,Baa Bara Brith Biscuits,Gingerbread Wedding
Lucy,Bellamy,4,1,38,Horticulturist,"Grimsby, Lincolnshire",2,Stayed in,Timperley Early Cake,Thyme 'Wildwood' Cake
Lucy,Bellamy,4,2,38,Horticulturist,"Grimsby, Lincolnshire",12,Eliminated,Grissini with Salt,Roast Tomato Bread
Luis,Troyano,5,1,42,Graphic Designer,"Poynton, Cheshire",7,Stayed in,Spanish Swiss Roll,Raspberry and Lemon Genoise Slices with Lemon Drizzles
Luis,Troyano,5,2,42,Graphic Designer,"Poynton, Cheshire",3,Stayed in,Black Olive and Rosemary Biscuits with Caramelised Onion Glaze,George Versus The Dragon
Luis,Troyano,5,3,42,Graphic Designer,"Poynton, Cheshire",2,Star Baker,Opposites Attract Rolls,Roscón de Reyes
Luis,Troyano,5,4,42,Graphic Designer,"Poynton, Cheshire",2,Stayed in,Pears in Puddings,Bakewell Alaska
Luis,Troyano,5,5,42,Graphic Designer,"Poynton, Cheshire",6,Stayed in,Tropical Manchester Tart,Four Fruity Seasons Tower
Luis,Troyano,5,6,42,Graphic Designer,"Poynton, Cheshire",3,Stayed in,Apple and Cinnamon Kugelhopf with Honeyed Apples,The Cage on the Rocky Hill
Luis,Troyano,5,7,42,Graphic Designer,"Poynton, Cheshire",5,Stayed in,Childhood Empanadas,"Stars and Stripes Éclairs
(Blueberry Cheesecake & Peanut Butter and Jelly Éclairs)"
Luis,Troyano,5,8,42,Graphic Designer,"Poynton, Cheshire",2,Stayed in,Black Forest Cherry Tree,"Cocktail Doughnuts
(Mudslide & Raspberry Mojito)"
Luis,Troyano,5,9,42,Graphic Designer,"Poynton, Cheshire",1,Stayed in,Indian Rose BaklavaHalwa Baklava Rolls,"Chocolate Mousse & Cherry EntremetsPomegranate, Fig & Pistachio Sponges"
Luis,Troyano,5,10,42,Graphic Designer,"Poynton, Cheshire",2,Series Runner-up,"Apple, Walnut, Raisin and Cheshire Cheese ChaussonsPain au Chocolat Blanc with Raspberries and Cream Cheese",Village in Chocolate
Luke,Thompson,9,1,30,Civil servant/house and techno DJ,Sheffield,8,Stayed in,NA,NA
Luke,Thompson,9,2,30,Civil servant/house and techno DJ,Sheffield,7,Eliminated,NA,NA
Manisha,Parmar,3,1,27,Nursery nurse,Leicester,6,Stayed in,"Vanilla, Peach and Raspberry",White Chocolate Cake with a Red Velvet and White Chocolate Mousse Heart
Manisha,Parmar,3,2,27,Nursery nurse,Leicester,6,Stayed in,Indian FlatbreadsItalian Flatbreads,UNKNOWN
Manisha,Parmar,3,3,27,Nursery nurse,Leicester,10,Stayed in,"Cinnamon, Apple and Pear Tarte Tatin",Rum and Tropical Fruit Tart
Manisha,Parmar,3,4,27,Nursery nurse,Leicester,9,Stayed in,"Almond, Chocolate and Cherry Torte",Tiramisu Layered Meringue Dessert
Manisha,Parmar,3,5,27,Nursery nurse,Leicester,5,Eliminated,Lamb Wellington with Rosemary and Mint,Banana Scotch Pie
Manon,Lagrave,9,1,26,Software project manager,London,3,Star Baker,NA,NA
Manon,Lagrave,9,2,26,Software project manager,London,6,Stayed in,NA,NA
Manon,Lagrave,9,3,26,Software project manager,London,3,Stayed in,NA,NA
Manon,Lagrave,9,4,26,Software project manager,London,8,Stayed in,NA,NA
Manon,Lagrave,9,5,26,Software project manager,London,5,Stayed in,NA,NA
Manon,Lagrave,9,6,26,Software project manager,London,4,Stayed in,NA,NA
Manon,Lagrave,9,7,26,Software project manager,London,2,Stayed in,NA,NA
Manon,Lagrave,9,8,26,Software project manager,London,4,Eliminated,NA,NA
Marie,Campbell,6,1,66,Retired,"Auchterarder, Perthshire",3,Star Baker,Zingy Citrus Madeira Cake,A Walk in the Black Forest
Marie,Campbell,6,2,66,Retired,"Auchterarder, Perthshire",11,Eliminated,Biscotti Italiano,Russian Box
Mark,Whithers,1,1,48,Bus Driver,South Wales,NA,Eliminated,Sticky Marmalade Tea Loaf,Heart-shaped Chocolate and Beetroot Cake with Store-Bought silver chocolate hearts and chocolate red and white roses.
Mark,Onley,4,1,37,Carpenter and Kitchen Fitter,Milton Keynes,5,Stayed in,Lemon and Poppy Seed Cake,Chocolate Monster
Mark,Onley,4,2,37,Carpenter and Kitchen Fitter,Milton Keynes,6,Stayed in,Rosemary & Raisin Breadsticks,Sage & Garlic Plait
Mark,Onley,4,3,37,Carpenter and Kitchen Fitter,Milton Keynes,11,Eliminated,"Ginger, Mango and Passion Fruit Trifle",Rose and Pistachio MacaroonsChocolate and Raspberry Bites
Martha,Collison,5,1,17,Student,"Ascot, Berkshire",2,Stayed in,Tiramisu Swiss Roll,Mini Lemon and Thyme Drizzle Cakes
Martha,Collison,5,2,17,Student,"Ascot, Berkshire",5,Stayed in,Caramelised Onion and Goat's Cheese Sandwich Biscuits,Ski Village Scene
Martha,Collison,5,3,17,Student,"Ascot, Berkshire",3,Stayed in,Date and Walnut Rye Rolls,Stuffed Sunflower Loaf
Martha,Collison,5,4,17,Student,"Ascot, Berkshire",1,Stayed in,Peanut Butter Chocolate Fondants,Key Lime Baked Alaska
Martha,Collison,5,5,17,Student,"Ascot, Berkshire",1,Stayed in,"Pistachio, Apricot and Honey Custard Tart",Three Little Pigs Pie
Martha,Collison,5,6,17,Student,"Ascot, Berkshire",4,Stayed in,Dark Chocolate and Almond Liqueur Savarin,Chess-Themed Chocolate and Salted Caramel Dobos Torte
Martha,Collison,5,7,17,Student,"Ascot, Berkshire",3,Stayed in,Mini Beef Wellingtons,Rhubarb and Custard & Maple Syrup and Bacon Éclairs
Martha,Collison,5,8,17,Student,"Ascot, Berkshire",5,Eliminated,Spiced Plum Iced Bread Swirl,Glazed Lemon & Poppy Seed DoughnutsChocolate & Passion Fruit Doughnuts
Mary-Anne,Boermans,2,1,45,Housewife,"Kidderminster, Worcestershire",4,Stayed in,Banoffee Cupcakes,Chocolate and Raspberry Opera cake
Mary-Anne,Boermans,2,2,45,Housewife,"Kidderminster, Worcestershire",9,Stayed in,"Roasted Cauliflower, Cheese andCaramelised Onion Quiche",Butterscotch Brulée Tarts in Pecan PastryApple Rose Tarts
Mary-Anne,Boermans,2,3,45,Housewife,"Kidderminster, Worcestershire",5,Stayed in,Ploughman's Loaf,Herb and Walnut BreadsChocolate and Chilli Buns
Mary-Anne,Boermans,2,4,45,Housewife,"Kidderminster, Worcestershire",2,Stayed in,Melting Moments,Blackcurrant and Mint MacaronsGooseberry and Elderflower MacaronsHazelnut Macarons
Mary-Anne,Boermans,2,5,45,Housewife,"Kidderminster, Worcestershire",2,Stayed in,Chicken and Bacon Pie,Midnight Meringue
Mary-Anne,Boermans,2,6,45,Housewife,"Kidderminster, Worcestershire",4,Stayed in,Tutti Fruitti Curd Baked Cheesecake,Orange and Praline Croquembouche with Cardamom Caramel
Mary-Anne,Boermans,2,7,45,Housewife,"Kidderminster, Worcestershire",2,Stayed in,Chocolate and Orange Mousse Cake,Raspberry Rose DanishesPraline SpiralsAlsatian Plaited Danishes
Mary-Anne,Boermans,2,8,45,Housewife,"Kidderminster, Worcestershire",3,Series Runner-up,Lemon and Ginger Mille Feuille,Fruit Tarts with Elderflower CustardStrawberry and Rhubarb CheesecakesBlack Fruit Meringue with Everlasting Syllabub
Mat,Riley,6,1,37,Fire fighter,London,7,Stayed in,Gin and Tonic Madeira Cake,Black Forest Gateau
Mat,Riley,6,2,37,Fire fighter,London,5,Stayed in,"Pistachio, Cranberry and White Chocolate Biscotti",Gingerbread Fire Engine
Mat,Riley,6,3,37,Fire fighter,London,8,Stayed in,"Jalapeño, Mexican Cheddar and Smoked Salt Soda Breads",Curry Inspired Brighton Pavilion
Mat,Riley,6,4,37,Fire fighter,London,7,Stayed in,Coconut Crème Brûlées,Chocolate Bar Cheesecakes
Mat,Riley,6,5,37,Fire fighter,London,4,Stayed in,Sugar Free Carrot Cake,Raspberry and Coconut Ice Cream Roll
Mat,Riley,6,6,37,Fire fighter,London,1,Star Baker,Piña Colada Frangipane Tart,His 'n' Hers Vol-au-vents
Mat,Riley,6,7,37,Fire fighter,London,6,Eliminated,Raised Venison and Pigeon Pie,Strawberry Charlotte Russe
Michael,Georgiou,7,1,20,Student,Durham,3,Stayed in,"Lime, Ginger and Honey Drizzle Cake",Matcha Tea Chocolate Mirror Glaze
Michael,Georgiou,7,2,20,Student,Durham,9,Stayed in,"Malt, Chocolate and Orange Iced ""Beer"" Biscuits",Trip to See Santa in Lapland
Michael,Georgiou,7,3,20,Student,Durham,7,Eliminated,Chocolate and Chilli Swirl Plait,Cypriot Dove and Olive Branch Plaited Loaf with Houmous
Michael,Chakraverty,10,1,26,Theatre manager/fitness instructor,Stratford-upon-Avon,11,Stayed in,NA,NA
Michael,Chakraverty,10,2,26,Theatre manager/fitness instructor,Stratford-upon-Avon,4,Stayed in,NA,NA
Michael,Chakraverty,10,3,26,Theatre manager/fitness instructor,Stratford-upon-Avon,6,Star Baker,NA,NA
Michael,Chakraverty,10,4,26,Theatre manager/fitness instructor,Stratford-upon-Avon,7,Stayed in,NA,NA
Michael,Chakraverty,10,5,26,Theatre manager/fitness instructor,Stratford-upon-Avon,8,Stayed in,NA,NA
Michael,Chakraverty,10,6,26,Theatre manager/fitness instructor,Stratford-upon-Avon,6,Stayed in,NA,NA
Michael,Chakraverty,10,7,26,Theatre manager/fitness instructor,Stratford-upon-Avon,5,Eliminated,NA,NA
Michelle,Evans-Fecci,10,1,35,Print shop administrator,"Tenby, Wales",6,Star Baker,NA,NA
Michelle,Evans-Fecci,10,2,35,Print shop administrator,"Tenby, Wales",8,Stayed in,NA,NA
Michelle,Evans-Fecci,10,3,35,Print shop administrator,"Tenby, Wales",5,Stayed in,NA,NA
Michelle,Evans-Fecci,10,4,35,Print shop administrator,"Tenby, Wales",5,Stayed in,NA,NA
Michelle,Evans-Fecci,10,5,35,Print shop administrator,"Tenby, Wales",7,Eliminated,NA,NA
Miranda,Browne,1,1,37,Food buyer for Marks & Spencer,"Midhurst, West Sussex",8,Stayed in,"Triple Layered Brownie Meringue Cake
with Raspberry Cream",Three Tiered Chocolate Fudge Cake  with Handmade Chocolate Button Decorations
Miranda,Browne,1,2,37,Food buyer for Marks & Spencer,"Midhurst, West Sussex",3,Stayed in,Fresh Vanilla Biscuits with Royal Icing,Pistachio Macarons
Miranda,Browne,1,3,37,Food buyer for Marks & Spencer,"Midhurst, West Sussex",3,Stayed in,Walnut and Apricot Bread,"Lemon Iced Buns
Chocolate and Orange Buns"
Miranda,Browne,1,4,37,Food buyer for Marks & Spencer,"Midhurst, West Sussex",1,Stayed in,Sticky Toffee Pudding,"Queen of Puddings, Chocolate Pear Roly Poly, Strawberry and Rhubarb Crumble"
Miranda,Browne,1,5,37,Food buyer for Marks & Spencer,"Midhurst, West Sussex",1,Stayed in,"Summery Salmon, Cod and Prawn Fish Pie","Chocolate Pastry filled with Orange Cheesecake  Chocolate Pastry filled with Milk Chocolate Ganche  Strawberry Tart with Red Currant Glaze  Cheesy Crab, Broad Bean and Tomato, Pancetta Risotto Canapés"
Miranda,Browne,1,6,37,Food buyer for Marks & Spencer,"Midhurst, West Sussex",NA,Series Runner-up,Lemon Cupcake,Eliminated after signature
Nadiya,Hussain,6,1,30,Full-time mother,Leeds / Luton,12,Stayed in,Orange and Green Cardamom Madeira Cake,Quadruple Chocolate Black Forest Gâteau
Nadiya,Hussain,6,2,30,Full-time mother,Leeds / Luton,9,Stayed in,"Coconut, Fennel and Pistachio Biscotti",Box of Fortunes
Nadiya,Hussain,6,3,30,Full-time mother,Leeds / Luton,9,Stayed in,Mexican Bread with Warm Tomato Salsa,Snake Charmer's Basket
Nadiya,Hussain,6,4,30,Full-time mother,Leeds / Luton,8,Stayed in,Cinnamon Tea Crème Brûlées,Fizzy Pop Cheesecakes
Nadiya,Hussain,6,5,30,Full-time mother,Leeds / Luton,1,Star Baker,Naked Blueberry and Caraway Crunch Cake,Chocolate and Strawberry Lime Ice Cream Roll
Nadiya,Hussain,6,6,30,Full-time mother,Leeds / Luton,4,Stayed in,"Bay Leaf, Rong Tea and Pear Tart",Bengali Korma and Clementine with Cod Vol-au-vents
Nadiya,Hussain,6,7,30,Full-time mother,Leeds / Luton,1,Stayed in,Aromatic Raised Game Pie,Mango and Raspberry Charlotte Russe
Nadiya,Hussain,6,8,30,Full-time mother,Leeds / Luton,1,Star Baker,Rose Pistachio and Mocha Hazelnut Horns,Bubble Gum and Peppermint Cream Religieuse à l'ancienne
Nadiya,Hussain,6,9,30,Full-time mother,Leeds / Luton,4,Star Baker,Peanut Salted Caramel and Chocolate Tart,Peacock in Nan's Door
Nadiya,Hussain,6,10,30,Full-time mother,Leeds / Luton,1,Series Winner,Cardamom and Almond Buns & Nutmeg and Sour Cherry Fingers,My Big Fat British Wedding Cake
Nancy,Birtwhistle,5,1,60,Retired Practice Manager,"Barton-upon-Humber, Lincolnshire",1,Star Baker,Coffee and Hazelnut Swiss Roll,Jaffa Orange Cakes
Nancy,Birtwhistle,5,2,60,Retired Practice Manager,"Barton-upon-Humber, Lincolnshire",2,Stayed in,Fennel and Rye Thins,Hansel and Gretel Scene
Nancy,Birtwhistle,5,3,60,Retired Practice Manager,"Barton-upon-Humber, Lincolnshire",5,Stayed in,Cider and Walnut Crusty Rolls,'Full English' Stromboli
Nancy,Birtwhistle,5,4,60,Retired Practice Manager,"Barton-upon-Humber, Lincolnshire",4,Stayed in,Pistachio Puddings with Chocolate Sauce,Summer Pudding Alaska
Nancy,Birtwhistle,5,5,60,Retired Practice Manager,"Barton-upon-Humber, Lincolnshire",4,Stayed in,Chocolate Crusted Passion Fruit Tart,Trio of Apple Pies
Nancy,Birtwhistle,5,6,60,Retired Practice Manager,"Barton-upon-Humber, Lincolnshire",1,Stayed in,Rum Punch Savarin with Coconut Cream and Tropical Fruits,Chocolate and Caramel Dobos Torte
Nancy,Birtwhistle,5,7,60,Retired Practice Manager,"Barton-upon-Humber, Lincolnshire",2,Stayed in,Spicy Duck Pasties,Smoked Salmon and Horseradish & Raspberry Ripple Éclairs
Nancy,Birtwhistle,5,8,60,Retired Practice Manager,"Barton-upon-Humber, Lincolnshire",3,Stayed in,Lincolnshire Plum Braid,"Doughnut Family Tree
(Limoncello and Almond & Milk Chocolate and Orange)"
Nancy,Birtwhistle,5,9,60,Retired Practice Manager,"Barton-upon-Humber, Lincolnshire",3,Stayed in,Coffee and Chocolate BaklavaBreakfast Baklava,Raspberry NonnettesLime and Passion Fruit Entremets
Nancy,Birtwhistle,5,10,60,Retired Practice Manager,"Barton-upon-Humber, Lincolnshire",1,Series Winner,Apple and Lemon KitesRaspberry and Almond Croissants,Red Windmill
Natasha,Stringer,3,1,36,Midwife,"Tamworth, Staffordshire",12,Eliminated,Pineapple & Passion Fruit,Mother's Day Layered Rose Cake
Norman,Calder,5,1,66,Retired Naval Officer,"Portknockie, Moray",11,Stayed in,Black Forest Swiss Roll,Almond and Raspberry Mini Cakes
Norman,Calder,5,2,66,Retired Naval Officer,"Portknockie, Moray",10,Stayed in,Farthing Biscuits,Zulu Boats at Dawn
Norman,Calder,5,3,66,Retired Naval Officer,"Portknockie, Moray",4,Stayed in,Rye Bread Rolls,Chicken and Roasted Vegetable Picnic Loaf
Norman,Calder,5,4,66,Retired Naval Officer,"Portknockie, Moray",8,Stayed in,Mini Sticky Toffee Puddings,Baked Alaska with Strawberry Surprise
Norman,Calder,5,5,66,Retired Naval Officer,"Portknockie, Moray",5,Eliminated,Tarte au Citron,Pieful Tower
Paul,Jagger,6,1,49,Prison governor,"Swansea, Wales",10,Stayed in,"Lemon, Ginger and Caraway Seed Madeira Cake",Black Forest Chocolate Creation
Paul,Jagger,6,2,49,Prison governor,"Swansea, Wales",10,Stayed in,"Chocolate, Hazelnut and Fig Biscotti",Memory Box
Paul,Jagger,6,3,49,Prison governor,"Swansea, Wales",10,Stayed in,Cranberry and Orange Sweet Soda Breads,King of the Jungle
Paul,Jagger,6,4,49,Prison governor,"Swansea, Wales",1,Stayed in,Almond Crème Brûlées,Berry Cheesecake Tower
Paul,Jagger,6,5,49,Prison governor,"Swansea, Wales",2,Stayed in,Carrot & Pecan Cake,Dessert Island Getaway
Paul,Jagger,6,6,49,Prison governor,"Swansea, Wales",5,Stayed in,Christmas Frangipane Tart,Savoury and Sweet Bouchées
Paul,Jagger,6,7,49,Prison governor,"Swansea, Wales",2,Stayed in,Not a Boaring Pie,Charlotte Rose
Paul,Jagger,6,8,49,Prison governor,"Swansea, Wales",5,Eliminated,Café Tipple & Banana Crunch-away Horns,Religieuse à l'ancienne
Peter,Maloney,3,1,43,Sales manager,"Windsor, Berkshire",3,Stayed in,"Pear, Muscat & Chocolate",Jubilee Cake
Peter,Maloney,3,2,43,Sales manager,"Windsor, Berkshire",11,Eliminated,Fennel and Nigella Seed NaanBannock Bread,"Rosemary and Sea Salt Bagels
Apple and Cinnamon Bagels"
Peter,Abatan,8,1,52,IT programme manager,"Southend, Essex",10,Eliminated,Coconut Cake,'Bread on a Breadboard' Cake
Phil,Thorne,10,1,56,HGV driver,Rainham,8,Stayed in,NA,NA
Phil,Thorne,10,2,56,HGV driver,Rainham,3,Stayed in,NA,NA
Phil,Thorne,10,3,56,HGV driver,Rainham,10,Stayed in,NA,NA
Phil,Thorne,10,4,56,HGV driver,Rainham,6,Eliminated,NA,NA
Priya,O'Shea,10,1,34,Marketing consultant,Leicester,7,Stayed in,NA,NA
Priya,O'Shea,10,2,34,Marketing consultant,Leicester,7,Stayed in,NA,NA
Priya,O'Shea,10,3,34,Marketing consultant,Leicester,4,Stayed in,NA,NA
Priya,O'Shea,10,4,34,Marketing consultant,Leicester,10,Stayed in,NA,NA
Priya,O'Shea,10,5,34,Marketing consultant,Leicester,2,Stayed in,NA,NA
Priya,O'Shea,10,6,34,Marketing consultant,Leicester,7,Eliminated,NA,NA
Rahul,Mandal,9,1,30,Research scientist,Rotherham,7,Stayed in,NA,NA
Rahul,Mandal,9,2,30,Research scientist,Rotherham,2,Star Baker,NA,NA
Rahul,Mandal,9,3,30,Research scientist,Rotherham,4,Star Baker,NA,NA
Rahul,Mandal,9,4,30,Research scientist,Rotherham,4,Stayed in,NA,NA
Rahul,Mandal,9,5,30,Research scientist,Rotherham,3,Stayed in,NA,NA
Rahul,Mandal,9,6,30,Research scientist,Rotherham,3,Stayed in,NA,NA
Rahul,Mandal,9,7,30,Research scientist,Rotherham,1,Stayed in,NA,NA
Rahul,Mandal,9,8,30,Research scientist,Rotherham,5,Stayed in,NA,NA
Rahul,Mandal,9,9,30,Research scientist,Rotherham,4,Stayed in,NA,NA
Rahul,Mandal,9,10,30,Research scientist,Rotherham,2,Series Winner,NA,NA
Rav,Bansal,7,1,28,Student support,Erith,8,Stayed in,Ginger Spice Yuzu Drizzle Cake,Colombian Mocha Mirror Glaze Cake
Rav,Bansal,7,2,28,Student support,Erith,6,Stayed in,Union Jack Bunting Biscuits,Gingerbread Christmas Fairground
Rav,Bansal,7,3,28,Student support,Erith,10,Stayed in,"Chocolate, Cardamom and Hazelnut Loaf",Three Tier Diwali Bread Centrepiece
Rav,Bansal,7,4,28,Student support,Erith,9,Stayed in,Thai Tofu Panang Yorkshires,Three Dip Matcha Pistachio Churros
Rav,Bansal,7,5,28,Student support,Erith,8,Stayed in,"Cinnamon Swirls and Pecan, Walnut and Maple Plaits",Chinese Style Prawn Filo Tartlets and Spiced White Chocolate and Hazelnut Samosas
Rav,Bansal,7,6,28,Student support,Erith,3,Eliminated,Mandarin Margarita Meringue Pie,Blossom Cake
Richard,Burr,5,1,38,Builder,"Mill Hill, London",10,Stayed in,Pistachio and Strawberry Swiss Roll,Miniature Coffee & Walnut Cakes
Richard,Burr,5,2,38,Builder,"Mill Hill, London",1,Star Baker,Rosemary Seeded Crackers,Pirates!
Richard,Burr,5,3,38,Builder,"Mill Hill, London",6,Stayed in,Rye and Cranberry Rolls,Pesto Pinwheel
Richard,Burr,5,4,38,Builder,"Mill Hill, London",5,Star Baker,Black Forest Chocolate Fondants,Tiramisu Baked Alaska
Richard,Burr,5,5,38,Builder,"Mill Hill, London",7,Stayed in,Fig and Orange Tart,Three Course Autumn Pie Feast
Richard,Burr,5,6,38,Builder,"Mill Hill, London",5,Stayed in,Fruity Guglhupf with an Orange Glaze,Sugar Forest Dobos Torte
Richard,Burr,5,7,38,Builder,"Mill Hill, London",1,Star Baker,Minted Lamb Pasties,"Stair of Éclairs
(Lavender and Blueberry & Rose and Raspberry Éclairs)"
Richard,Burr,5,8,38,Builder,"Mill Hill, London",4,Star Baker,Fruit Swedish Tea Ring,Rhubarb and Custard and Toffee Apple Doughnuts
Richard,Burr,5,9,38,Builder,"Mill Hill, London",2,Star Baker,Rose and Pistachio BaklavaWalnut and Almond Baklava,Hazelnut Mocha EntremetsPink Grapefruit Entremets
Richard,Burr,5,10,38,Builder,"Mill Hill, London",3,Series Runner-up,Pear Pain au ChocolatPain Au Lait,Mill on the Hill
Robert,Billington,2,1,25,Photographer,London,3,Stayed in,Blackberry and Vanilla Cupcakeswith Liquorice Frosting,Genoise Layered Mousse Cakewith Chocolate Ganache
Robert,Billington,2,2,25,Photographer,London,5,Stayed in,Smoked Bacon and Kale Quiche,"Chocolate, Fennel and Ginger TartAlmond, Creme Patissiere and Poached Pear Tart"
Robert,Billington,2,3,25,Photographer,London,4,Stayed in,Rye and Coriander Seed Loaf,Blueberry Brioche RollsLemon and Poppy Seed Rolls
Robert,Billington,2,4,25,Photographer,London,7,Stayed in,Chocolate and Ginger Oat Biscuits,Strawberry and Lime MacaronsLemon MacaronsChocolate and Cardamom Macarons
Robert,Billington,2,5,25,Photographer,London,3,Eliminated,Chicken and Mushroom Pie,Rhubarb and Custard Meringue Pie
Robert,Smart,4,1,54,Space Satellite Designer,"Melbourn, Cambridgeshire",1,Star Baker,Pecan and Apple Cake,Raspberry Chocolate Cake
Robert,Smart,4,2,54,Space Satellite Designer,"Melbourn, Cambridgeshire",5,Stayed in,Twisty Rye Bread Sticks,Tribute Loaf
Robert,Smart,4,3,54,Space Satellite Designer,"Melbourn, Cambridgeshire",2,Stayed in,Rhubarb and Orange Trifle,Almond FriandsTurǫn Macaroons
Robert,Smart,4,4,54,Space Satellite Designer,"Melbourn, Cambridgeshire",3,Stayed in,Apple and Pear Pie with Thyme,Spanakopita with St George's Mushrooms
Robert,Smart,4,5,54,Space Satellite Designer,"Melbourn, Cambridgeshire",4,Eliminated,Blueberry & Orange Traybake,Dalek
Rosie,Brandreth-Poynter,10,1,28,Veterinary surgeon,Somerset,2,Stayed in,NA,NA
Rosie,Brandreth-Poynter,10,2,28,Veterinary surgeon,Somerset,5,Stayed in,NA,NA
Rosie,Brandreth-Poynter,10,3,28,Veterinary surgeon,Somerset,9,Stayed in,NA,NA
Rosie,Brandreth-Poynter,10,4,28,Veterinary surgeon,Somerset,4,Stayed in,NA,NA
Rosie,Brandreth-Poynter,10,5,28,Veterinary surgeon,Somerset,5,Stayed in,NA,NA
Rosie,Brandreth-Poynter,10,6,28,Veterinary surgeon,Somerset,5,Stayed in,NA,NA
Rosie,Brandreth-Poynter,10,7,28,Veterinary surgeon,Somerset,1,Stayed in,NA,NA
Rosie,Brandreth-Poynter,10,8,28,Veterinary surgeon,Somerset,2,Stayed in,NA,NA
Rosie,Brandreth-Poynter,10,9,28,Veterinary surgeon,Somerset,1,Eliminated,NA,NA
Ruby,Tandoh,4,1,20,History of Art and Philosophy Student,"Southend, Essex",12,Stayed in,Rhubarb and Custard Sandwich Cake,Chocolate and Ginger Night Sky Cake
Ruby,Tandoh,4,2,20,History of Art and Philosophy Student,"Southend, Essex",3,Star Baker,Mexican Breadsticks,White Chocolate and Orange Peacock Bread
Ruby,Tandoh,4,3,20,History of Art and Philosophy Student,"Southend, Essex",3,Stayed in,Desert Island Trifle,Lemon Shortbread and White Chocolate SeashellsBlackberry and Chocolate Layer Cakes
Ruby,Tandoh,4,4,20,History of Art and Philosophy Student,"Southend, Essex",6,Stayed in,Apple and Marzipan Pie,"Rose, Almond and Raspberry Filo Pie"
Ruby,Tandoh,4,5,20,History of Art and Philosophy Student,"Southend, Essex",6,Stayed in,Blackberry and Lemon Bakewell Slice,'Dropped Ice-Cream' Biscuit Centrepiece
Ruby,Tandoh,4,6,20,History of Art and Philosophy Student,"Southend, Essex",1,Star Baker,Citrus Tea Loaf,Twisted Swedish KanelbullarSaffron St. Lucia Buns
Ruby,Tandoh,4,7,20,History of Art and Philosophy Student,"Southend, Essex",2,Stayed in,Plum Jam Roly-Polywith Ginger Ice cream,Raspberry and Passion Fruit Mille-feuilleCaramelised Apple LatticePortuguese Custard Tarts
Ruby,Tandoh,4,8,20,History of Art and Philosophy Student,"Southend, Essex",1,Star Baker,Mango and Nigella Seed Spelt Cob,Carrot Cake and Pistachio Garden Plot
Ruby,Tandoh,4,9,20,History of Art and Philosophy Student,"Southend, Essex",4,Stayed in,"Beetroot Jelly on Poppy Seed BiscuitsSpinach, Parmesan and Egg TartletsChoux Buns with Goat's Cheese and Caramelised Onions","Chocolate, Almond Praline and Saffron Opera Cake"
Ruby,Tandoh,4,10,20,History of Art and Philosophy Student,"Southend, Essex",2,Series Runner-up,Picnic Basket Pie,"Raspberry, Lemon and Passion Fruit Wedding Cake"
Ruby,Bhogal,9,1,29,Project manager,London,1,Stayed in,NA,NA
Ruby,Bhogal,9,2,29,Project manager,London,10,Stayed in,NA,NA
Ruby,Bhogal,9,3,29,Project manager,London,7,Stayed in,NA,NA
Ruby,Bhogal,9,4,29,Project manager,London,2,Stayed in,NA,NA
Ruby,Bhogal,9,5,29,Project manager,London,1,Stayed in,NA,NA
Ruby,Bhogal,9,6,29,Project manager,London,7,Stayed in,NA,NA
Ruby,Bhogal,9,7,29,Project manager,London,3,Stayed in,NA,NA
Ruby,Bhogal,9,8,29,Project manager,London,3,Star Baker,NA,NA
Ruby,Bhogal,9,9,29,Project manager,London,1,Star Baker,NA,NA
Ruby,Bhogal,9,10,29,Project manager,London,3,Series Runner-up,NA,NA
Ruth,Clemens,1,1,31,Retail manager/Housewife,"Poynton, Cheshire",NA,Stayed in,Three Tiered Lemon Drizzle Cakewith Fresh Cream and freshly made Lemon Curd,Classic Chocolate Sponge wrapped in a Chocolate Collartopped with Handmade White and Dark Chocolate Truffles
Ruth,Clemens,1,2,31,Retail manager/Housewife,"Poynton, Cheshire",5,Stayed in,Peanut Shortbread withSalted Peanut Caramel,Almond Macaron with Violet ButtercreamRaspberries and Cream Eclairs
Ruth,Clemens,1,3,31,Retail manager/Housewife,"Poynton, Cheshire",2,Stayed in,Maple and Pecan Bread,"Chocolate and Orange Panettone
Cranberry Bagels"
Ruth,Clemens,1,4,31,Retail manager/Housewife,"Poynton, Cheshire",4,Stayed in,Peach and Blueberry Boy Bait,"Apple & Ginger Crumble, Rhubarb Suet Crust, Cherry Queen of Puddings"
Ruth,Clemens,1,5,31,Retail manager/Housewife,"Poynton, Cheshire",3,Stayed in,Minced Beef Pie,"Raspberry and Dark Chocolate Tart  Creme Patisserie and Cherry Tart  Citrus Curd Tart with Creme Brulee top  Tomato, Asparagus Twirl Canapés"
Ruth,Clemens,1,6,31,Retail manager/Housewife,"Poynton, Cheshire",NA,Series Runner-up,"Mint, Ginger and Blackberry Cake",NA
Ryan,Chong,3,1,38,Photographer,Bristol,8,Stayed in,Kumquat and Orange Polenta,Hidden Flowerbed Mousse Cake
Ryan,Chong,3,2,38,Photographer,Bristol,5,Stayed in,Shanghai Spring Onion FlatbreadsGarlic and Coriander Naan,"Cinnamon and Date Bagels
Tarragon and Rosemary Bagels"
Ryan,Chong,3,3,38,Photographer,Bristol,5,Stayed in,Spiced Pear Tarte Tatin,UNKNOWN
Ryan,Chong,3,4,38,Photographer,Bristol,7,Stayed in,Green Tea Opera Torte,"Strawberry, Rose and Pistachio Meringue"
Ryan,Chong,3,5,38,Photographer,Bristol,8,Star Baker,Curry Spiced Seabass Wellington,Key Lime Pie
Ryan,Chong,3,6,38,Photographer,Bristol,6,Stayed in,Chocolate FondantsSticky Ginger and Date Puddings,"Apple, Sour Cherry, Raisin and Mixed Nuts Strudel"
Ryan,Chong,3,7,38,Photographer,Bristol,6,Eliminated,Lardy Cakes,Char Siu Bao
Sandy,Docherty,6,1,49,Child welfare officer,"Yeadon, West Yorkshire",9,Stayed in,Madeira Cake with Almond Liqueur and Chopped Apricots,Black Forest Gâteau
Sandy,Docherty,6,2,49,Child welfare officer,"Yeadon, West Yorkshire",4,Stayed in,Chocolate Chunk and Hazelnut Biscotti,Sundried Tomato Cheese Biscuit Box
Sandy,Docherty,6,3,49,Child welfare officer,"Yeadon, West Yorkshire",7,Stayed in,Soda Breads with Smoked Bacon and Onion,Basket of Bread Flowers with a Walnut and Blue Cheese Centre
Sandy,Docherty,6,4,49,Child welfare officer,"Yeadon, West Yorkshire",6,Eliminated,Pontefract Crème Brûlées,"Cassata, Whisky and Orange & Apple Pie Cheesecakes"
Sarah-Jane,Willis,3,1,28,Vicar's wife,"Bewbush, West Sussex",1,Stayed in,"Pear, Chocolate and Hazelnut",Hidden Crown Cake
Sarah-Jane,Willis,3,2,28,Vicar's wife,"Bewbush, West Sussex",10,Stayed in,Toasted Coconut and Lime RotisOatcakes,UNKNOWN
Sarah-Jane,Willis,3,3,28,Vicar's wife,"Bewbush, West Sussex",8,Stayed in,Caramelised Banana Tarte Tatin,French Apple Tart with Blackberry and Cassis Jam
Sarah-Jane,Willis,3,4,28,Vicar's wife,"Bewbush, West Sussex",4,Stayed in,Chocolate and Almond Truffle Torte,Hazelnut Tiramisu Layered Meringue
Sarah-Jane,Willis,3,5,28,Vicar's wife,"Bewbush, West Sussex",4,Stayed in,Beef Wellington with Parma Ham and Gorgonzola Cheese,Chocolate and Banana Cream Pie
Sarah-Jane,Willis,3,6,28,Vicar's wife,"Bewbush, West Sussex",4,Stayed in,Sticky Toffee PuddingsGranny's Saucy Lemon Puddings,Sweet Strudel with Sour Cherries
Sarah-Jane,Willis,3,7,28,Vicar's wife,"Bewbush, West Sussex",7,Eliminated,"Orange, Nutmeg and Saffron Buns",Sour Cherry and Dark Chocolate Christmas Plait
Selasi,Gbormittah,7,1,30,Client service associate,London,1,Stayed in,Citrus and Spice Drizzle Cake,"Raspberry, Sloe and White Chocolate Mirror Glaze Cake"
Selasi,Gbormittah,7,2,30,Client service associate,London,11,Stayed in,"""Wheelie Hot Iced Biscuits""",Stained Glass Window Gingerbread Church
Selasi,Gbormittah,7,3,30,Client service associate,London,5,Stayed in,"Chocolate, Orange and Cinnamon Bread",Bedouin Escape Tear and Share Bread
Selasi,Gbormittah,7,4,30,Client service associate,London,8,Stayed in,Perfect Sunday Roast Accompaniment,Lemon and Anise Churros
Selasi,Gbormittah,7,5,30,Client service associate,London,3,Stayed in,"Rhubarb, Mango and Ginger Plait, and Pineapple and Coconut Pinwheels","Parma Ham, Asparagus and Cheese Filo Cigars and Coffee Cream Filo Cups"
Selasi,Gbormittah,7,6,30,Client service associate,London,7,Stayed in,"Grapefruit, Orange and Mint Meringue Pie",Three Tiered Ombré Floral Cake
Selasi,Gbormittah,7,7,30,Client service associate,London,6,Stayed in,Summer Picnic Roulade,"Lemon, Strawberry and Passionfruit and Chocolate and Mint Mini Mousse Cakes"
Selasi,Gbormittah,7,8,30,Client service associate,London,3,Stayed in,Bouquet of Flowers,Fruity Tudor Marchpane
Selasi,Gbormittah,7,9,30,Client service associate,London,4,Eliminated,"Sundried Tomato, Onion, Peppers and Parmesan Palmiers and Salmon, Spinach and Mushroom Palmiers",Lime and Ginger Fondant Fancies and Pink Velvet and Raspberry Prosecco Fondant Fancies
Simon,Blackwell,2,1,31,Rugby Coach,Norfolk,9,Stayed in,Guinness and Chocolate Cupcakes,Two-Tiered Chocolate Courgette Cake
Simon,Blackwell,2,2,31,Rugby Coach,Norfolk,11,Eliminated,Smoked Haddock and Watercress Quiche,"Passion Fruit and Ricotta TartsSalted Chocolate, Stem Ginger and Mascarpone Cream Tarts"
Sophie,Faldo,8,1,33,Former army officer and trainee stuntwoman,"West Molesey, Surrey",5,Stayed in,Pineapple and Coconut Sandwich Cake,'Champagne Bottle and Bucket' Cake
Sophie,Faldo,8,2,33,Former army officer and trainee stuntwoman,"West Molesey, Surrey",2,Stayed in,Lemon Limoncino Sandwich Biscuits,'Snakes and Ladders' Game
Sophie,Faldo,8,3,33,Former army officer and trainee stuntwoman,"West Molesey, Surrey",6,Stayed in,Tagine Teacakes,'Picnic Basket' Bread Sculpture
Sophie,Faldo,8,4,33,Former army officer and trainee stuntwoman,"West Molesey, Surrey",4,Stayed in,Jaffa Millionaire Shortbreads,Bird's Nest Caramel Cake
Sophie,Faldo,8,5,33,Former army officer and trainee stuntwoman,"West Molesey, Surrey",1,Star Baker,"Ginger, Fig and Honey Steamed School Pudding","Raspberry, Yuzu & White Chocolate Bûche Trifle Terrine"
Sophie,Faldo,8,6,33,Former army officer and trainee stuntwoman,"West Molesey, Surrey",2,Stayed in,'The Four Seasons' Decorative Pies,Game Pie with Glazed Forest Fruits
Sophie,Faldo,8,7,33,Former army officer and trainee stuntwoman,"West Molesey, Surrey",3,Stayed in,'Classics with a Twist' Cannoli,'Classics' Sfogliatelle
Sophie,Faldo,8,8,33,Former army officer and trainee stuntwoman,"West Molesey, Surrey",4,Stayed in,Char Siu & Banana Praline Bedfordshire Clangers,Citrus with Green Apple Croquembouche Savoy Cake
Sophie,Faldo,8,9,33,Former army officer and trainee stuntwoman,"West Molesey, Surrey",1,Star Baker,Strawberry & Rhubarb and Chestnut & Vanilla Choux Buns,'Tutu with Opera Filling' Meringue Centrepiece
Sophie,Faldo,8,10,33,Former army officer and trainee stuntwoman,"West Molesey, Surrey",2,Series Winner,"Spelt Boules, Mushroom Ciabatta and Orange Plaited Brioche",'Ode to the Honey Bee' Entremet
Stacey,Hart,8,1,42,Former school teacher,"Radlett, Hertfordshire",11,Stayed in,Granny Smith Apple and Walnut Cake,'Black Evening Clutch Bag' Cake
Stacey,Hart,8,2,42,Former school teacher,"Radlett, Hertfordshire",9,Stayed in,Sparkly Chocolate and Marshmallow Fluff Cookies,'Get to School' Game
Stacey,Hart,8,3,42,Former school teacher,"Radlett, Hertfordshire",1,Stayed in,Cranberry and Cinnamon Teacakes,'Ascot Hat' Bread Sculpture
Stacey,Hart,8,4,42,Former school teacher,"Radlett, Hertfordshire",1,Stayed in,Rum Salted Caramel Millionaire Shortbreads,Chocolate and Coffee Caramel Cake
Stacey,Hart,8,5,42,Former school teacher,"Radlett, Hertfordshire",4,Stayed in,Bakewell Tart Steamed School Pudding,Tropical Trifle Terrine
Stacey,Hart,8,6,42,Former school teacher,"Radlett, Hertfordshire",6,Stayed in,'Love Theme' Decorative Pies,Indian Hand Raised Pie with Mango
Stacey,Hart,8,7,42,Former school teacher,"Radlett, Hertfordshire",4,Stayed in,My All Time Favourite Desserts,Pastry Surprise
Stacey,Hart,8,8,42,Former school teacher,"Radlett, Hertfordshire",3,Star Baker,Camembert & Onion and Apple & Blueberry Bedfordshire Clangers,'Bright' Lemon & Orange Savoy Cake
Stacey,Hart,8,9,42,Former school teacher,"Radlett, Hertfordshire",2,Eliminated,'Choux-nicorn and Choux-moji' Choux Buns,'Flamingos in Love' Meringue Centrepiece
Steph,Blackwell,10,1,28,Shop assistant,Chester,3,Stayed in,NA,NA
Steph,Blackwell,10,2,28,Shop assistant,Chester,10,Stayed in,NA,NA
Steph,Blackwell,10,3,28,Shop assistant,Chester,3,Stayed in,NA,NA
Steph,Blackwell,10,4,28,Shop assistant,Chester,1,Star Baker,NA,NA
Steph,Blackwell,10,5,28,Shop assistant,Chester,4,Star Baker,NA,NA
Steph,Blackwell,10,6,28,Shop assistant,Chester,3,Star Baker,NA,NA
Steph,Blackwell,10,7,28,Shop assistant,Chester,4,Stayed in,NA,NA
Steph,Blackwell,10,8,28,Shop assistant,Chester,4,Star Baker,NA,NA
Steph,Blackwell,10,9,28,Shop assistant,Chester,3,Stayed in,NA,NA
Steph,Blackwell,10,10,28,Shop assistant,Chester,3,Series Runner-up,NA,NA
Steven,Carter-Bailey,8,1,34,Marketer,"Watford, Hertfordshire",6,Star Baker,Bonfire Night Cake,'A Baker's Lunch' Cake
Steven,Carter-Bailey,8,2,34,Marketer,"Watford, Hertfordshire",6,Star Baker,Amarpressi Biscuits,'Check Bake' Game
Steven,Carter-Bailey,8,3,34,Marketer,"Watford, Hertfordshire",3,Stayed in,Madras Cocktail Teacakes,'The Bag I Knead' Bread Sculpture
Steven,Carter-Bailey,8,4,34,Marketer,"Watford, Hertfordshire",7,Stayed in,Orange Macadamia Nut Millionaire Shortbreads,Caramel Crown Cake
Steven,Carter-Bailey,8,5,34,Marketer,"Watford, Hertfordshire",5,Stayed in,Lemon & Blackcurrant Drizzle Steamed School Pudding,'From Across the Jelly Pond' Trifle Terrine
Steven,Carter-Bailey,8,6,34,Marketer,"Watford, Hertfordshire",3,Stayed in,'Fleetwood Mac' Decorative Pies,Christmas Pie
Steven,Carter-Bailey,8,7,34,Marketer,"Watford, Hertfordshire",1,Star Baker,Italian Style Cannoli,'Sicilian-style' Sfogliatelle
Steven,Carter-Bailey,8,8,34,Marketer,"Watford, Hertfordshire",1,Stayed in,'Mediterranean Medley' Bedfordshire Clangers,Chestnut Rum Savoy Cake
Steven,Carter-Bailey,8,9,34,Marketer,"Watford, Hertfordshire",3,Stayed in,Key Lime Cheesecake and Bakewell Tart Choux Buns,'Some Air Over the Rainbow' Meringue Centrepiece
Steven,Carter-Bailey,8,10,34,Marketer,"Watford, Hertfordshire",1,Series Runner-up,"Spelt & Rye, Toasted Garlic & Fontina and Sweet Chocolate Breads",'Yin Yang' Entremet
Stu,Henshall,6,1,35,Professional musician,"Guildford, Surrey",11,Eliminated,Marley Madeira Cake,Purple Forest Gâteau
Stuart,Marston-Smith,3,1,26,PE teacher,"Lichfield, Staffordshire",9,Stayed in,Tomato and Ginger,Lemon and Pistachio Union Flag Cake
Stuart,Marston-Smith,3,2,26,PE teacher,"Lichfield, Staffordshire",9,Stayed in,Bombay BreadChorizo and Spring Onion Naan,"Cinnamon and Cranberry Bagels
Tomato and Thyme Bagels"
Stuart,Marston-Smith,3,3,26,PE teacher,"Lichfield, Staffordshire",7,Stayed in,Pear and Almond Tarte Tatin,Raspberry Triple Chocolate Layered Tart
Stuart,Marston-Smith,3,4,26,PE teacher,"Lichfield, Staffordshire",8,Eliminated,Black Forest Torte,Choca Blocka Mocha Meringue
Tamal,Ray,6,1,29,Trainee anaesthetist,Manchester,4,Stayed in,Pistachio and Rose Madeira Cake,Black Forest Gâteau in a Chocolate Shell
Tamal,Ray,6,2,29,Trainee anaesthetist,Manchester,8,Stayed in,"Cinnamon, Maple and Cranberry Biscotti",Chessboard Box
Tamal,Ray,6,3,29,Trainee anaesthetist,Manchester,3,Stayed in,"Fig, Cheese and Walnut Breads",Breadcycle
Tamal,Ray,6,4,29,Trainee anaesthetist,Manchester,5,Stayed in,Rhubarb and Ginger Crème Brûlées,"Mango, Hazelnut and Rosemary Cheesecake Trio"
Tamal,Ray,6,5,29,Trainee anaesthetist,Manchester,7,Stayed in,Honey and Grapefruit Polenta Cake,Passion Fruit and Pineapple Ice Cream Roll
Tamal,Ray,6,6,29,Trainee anaesthetist,Manchester,7,Stayed in,Spiced Pear Frangipane Tart,Fennel and Rosemary Pulled Pork and Chicken and Coriander vol-au-vents
Tamal,Ray,6,7,29,Trainee anaesthetist,Manchester,3,Star Baker,Middle Eastern Game Pie,"Spiced Blackberry, Raspberry and Cardamom Charlotte Russe"
Tamal,Ray,6,8,29,Trainee anaesthetist,Manchester,4,Stayed in,Lime & Mascarpone and Malt Cream Horns,Passionfruit & Mango and Pistachio & Raspberry Religieuse à l'ancienne
Tamal,Ray,6,9,29,Trainee anaesthetist,Manchester,2,Stayed in,Chocolate New York Pie,Chocolate Bell Tower
Tamal,Ray,6,10,29,Trainee anaesthetist,Manchester,3,Series Runner-up,Cinnamon and Apple & Toffee and Marmalade Iced Buns,Sticky Toffee Pudding Cake
Terry,Hartill,9,1,56,Retired air steward,West Midlands,9,Stayed in,NA,NA
Terry,Hartill,9,2,56,Retired air steward,West Midlands,8,Stayed in,NA,NA
Terry,Hartill,9,3,56,Retired air steward,West Midlands,1,Stayed in,NA,NA
Terry,Hartill,9,4,56,Retired air steward,West Midlands,NA,[a],NA,NA
Terry,Hartill,9,5,56,Retired air steward,West Midlands,8,Eliminated,NA,NA
Toby,Waterworth,4,1,30,Web Programmer,"Reading, Berkshire",13,Eliminated,Spiced and Iced Carrot Cake,Two Tiered Chocolate Cake
Tom,Gilliford,7,1,26,Project engagement manager,Rochdale,2,Stayed in,G&T Drizzle Cake,Black Forest Broken Mirror
Tom,Gilliford,7,2,26,Project engagement manager,Rochdale,7,Stayed in,Chai Frappelatteccino Biscuits,Tom and Pod's Near Death Experience
Tom,Gilliford,7,3,26,Project engagement manager,Rochdale,4,Star Baker,Chocolate Orange and Chilli Swirl Bread,Jörmungandr and Mjölnir
Tom,Gilliford,7,4,26,Project engagement manager,Rochdale,5,Stayed in,West Yorkshire Fusion Puddings,Fennel Churros Snake In The Grass
Tom,Gilliford,7,5,26,Project engagement manager,Rochdale,4,Stayed in,Mega Breakfast Bonanzas; Granola Spirals and Wheat Foldovers,Yin and Yang Amuse-bouche
Tom,Gilliford,7,6,26,Project engagement manager,Rochdale,1,Star Baker,Blood Orange Halloween Pumpkin Pie,Floral Tea Cake
Tom,Gilliford,7,7,26,Project engagement manager,Rochdale,5,Eliminated,Millionaire's Roulade,Hipster Picnic
Tom,Hetherington,8,1,29,Architect,Edinburgh,7,Stayed in,Gilded Pear and Cardamom Cake,'Stack of Books' Cake
Tom,Hetherington,8,2,29,Architect,Edinburgh,5,Stayed in,Coffee and Amaretto Kisses,'Drain Pipes and Ladders' Game
Tom,Hetherington,8,3,29,Architect,Edinburgh,4,Stayed in,Orange and Cranberry Teacakes,'Pink & Yellow Rose Centrepiece' Bread Sculpture
Tom,Hetherington,8,4,29,Architect,Edinburgh,5,Eliminated,Stem Ginger Caramel Shortbreads,Hummingbird Cake
Ugnė,Bubnaityte,6,1,32,PA and administrator,"Woodford, London / Vilkaviškis, Lithuania",1,Stayed in,Lemon and Thyme Madeira Cake,Falling Cup Gâteau
Ugnė,Bubnaityte,6,2,32,PA and administrator,"Woodford, London / Vilkaviškis, Lithuania",7,Stayed in,White Wine Biscotti,Baby Climbing into the Cookie Box
Ugnė,Bubnaityte,6,3,32,PA and administrator,"Woodford, London / Vilkaviškis, Lithuania",5,Stayed in,Chocolate Quick Breads with Salted Caramel Sauce,Easter Basket
Ugnė,Bubnaityte,6,4,32,PA and administrator,"Woodford, London / Vilkaviškis, Lithuania",2,Stayed in,Marula Fruit and Coffee Liqueur Crème Brûlées,"Lime, Coconut and Hazelnut Cheesecakes"
Ugnė,Bubnaityte,6,5,32,PA and administrator,"Woodford, London / Vilkaviškis, Lithuania",6,Eliminated,Chocolate and Hazelnut Sugar-Free Cake,"Chocolate, Peanut Butter and Grape Jam Roll"
Urvashi,Roe,2,1,40,Head of Marketing,"Enfield, London",7,Stayed in,Cherry Blossom CupcakesJapanese Lime Cupcakes,UNKNOWN
Urvashi,Roe,2,2,40,Head of Marketing,"Enfield, London",7,Stayed in,"Crab, Coriander and Coconut Quiche",Strawberry and Basil TartsElderflower and Honeycomb Tarts
Urvashi,Roe,2,3,40,Head of Marketing,"Enfield, London",9,Eliminated,Salt and Peppercorn Loaf,Chilli and Halloumi RollsLemon and Coriander Mini Loaves
Val,Stones,7,1,66,"Semi-retired, Substitute teacher",Yeovil,10,Stayed in,Mum's Orange and Lemon Drizzle,Chocolate Sponge with Four Fruit Frosting
Val,Stones,7,2,66,"Semi-retired, Substitute teacher",Yeovil,5,Stayed in,Sunday Treat Iced Ice Cream Cone Biscuits,From Holland to New York via Yorkshire
Val,Stones,7,3,66,"Semi-retired, Substitute teacher",Yeovil,1,Stayed in,Double Chocolate Cinnamon Twist Loaf,"""And They All Went Into The Ark To Get Out Of The Rain"""
Val,Stones,7,4,66,"Semi-retired, Substitute teacher",Yeovil,6,Stayed in,Mum's Chilli Yorkshire Puddings,Orange Chocolate Churros
Val,Stones,7,5,66,"Semi-retired, Substitute teacher",Yeovil,7,Eliminated,"Pecan and Maple Syrup Pinwheels and Apple, Sultana and Cinnamon Swirls","Caramelised Red Onion, Goats Cheese Tartlets and Mincemeat and Apple Spiced Parcels"
Victoria,Chester,3,1,50,CEO of the charity Plantlife,Somerset,4,Star Baker,Pear and Pecan,Blackbird Pie Cake
Victoria,Chester,3,2,50,CEO of the charity Plantlife,Somerset,7,Stayed in,Coriander and Lemon NaanGarlic and Parsnip Chapatis,"Saffron and Golden Raisin Bagels
Porcini Bagels"
Victoria,Chester,3,3,50,CEO of the charity Plantlife,Somerset,4,Eliminated,"Fig, Walnut and Pink Peppercorn Tarte Tatin",Tropical Fruit Tart with Black Pepper Crust
Yan,Tsou,8,1,46,Laboratory research scientist,North London,4,Stayed in,Windfall Apple Crumble Cake,'Banana-ramen' Cake
Yan,Tsou,8,2,46,Laboratory research scientist,North London,1,Stayed in,'Mrs. Marian's PB 'n' B' Biscuits,'Adventures in Bakeland' Game
Yan,Tsou,8,3,46,Laboratory research scientist,North London,8,Stayed in,'Mrs P's' Masala Chai Spiced Teacakes,'Basil the Vegetarian Dragon with his Pumpkin Hoard' Bread Sculpture
Yan,Tsou,8,4,46,Laboratory research scientist,North London,8,Stayed in,'Lil' Red's Ginger and Nuts' Millionaire Shortbreads,Animals of the Rainforest Caramel Cake
Yan,Tsou,8,5,46,Laboratory research scientist,North London,6,Stayed in,Mango Fruit Hat Steamed School Pudding,'Heart of a Hero' Trifle Terrine
Yan,Tsou,8,6,46,Laboratory research scientist,North London,1,Stayed in,'πr2' Decorative Pies,Chequerboard Pie
Yan,Tsou,8,7,46,Laboratory research scientist,North London,5,Eliminated,Cannoli Cocktails,Canadian-Style Sfogliatelle
Yasmin,Limbert,2,1,43,Childminder,"West Kirby, The Wirral",5,Stayed in,Cardamom and Pomegranate Cupcakes,UNKNOWN
Yasmin,Limbert,2,2,43,Childminder,"West Kirby, The Wirral",6,Stayed in,Smoked Haddock and Watercress Quiche,Chocolate and Orange with Cinnamon-Orange Pastry TartsBlueberry and Hazelnut with Hazelnut Pastry Tarts
Yasmin,Limbert,2,3,43,Childminder,"West Kirby, The Wirral",2,Star Baker,Egyptian Dukkah Loaf with Mixed Spices,"Pesto Bread
Sweet Coconut Rolls"
Yasmin,Limbert,2,4,43,Childminder,"West Kirby, The Wirral",6,Stayed in,Chocolate Chip and Pistachio Biscotti,Chocolate and Lime MacaronsCoffee and Walnut MacaronsPineapple and Coconut Macarons
Yasmin,Limbert,2,5,43,Childminder,"West Kirby, The Wirral",5,Stayed in,Family Fish Pie,Peach and Raspberry Meringue Pie
Yasmin,Limbert,2,6,43,Childminder,"West Kirby, The Wirral",2,Eliminated,Baked Amaretto Cheesecake,Rose Croquembouche
